index	Column 1	recipient	sender	tosplit 2 2 1	toWD	tosplit 2 2 2
3	Abelsohn, A. an Zunz, Leopold: Neustadt Schawindt, o.D.	Zunz, Leopold	Abelsohn, A.	Neustadt Schawindt	Neustadt Schawindt	 o.D.
27	Aschenbrand, ... an Zunz, Leopold: Niederaula, erhalten 4.9.1884	Zunz, Leopold	Aschenbrand, ...	Niederaula	Niederaula	 erhalten 4.9.1884
44	Asher, Adolf an Zunz, Leopold: Carpentras, 20.05.1839	Zunz, Leopold	Asher, Adolf	Carpentras	Carpentras	 20.05.1839
46	Asher, Anna / Asher, Adolf an Zunz, Leopold / Zunz, Adelheid: o.O., o.D.	Zunz, Leopold / Zunz, Adelheid	Asher, Anna / Asher, Adolf	o.O.	o.O.	 o.D.
47	Asher, Adolf an Zunz, Leopold: o.O., erhalten 20.10.1839	Zunz, Leopold	Asher, Adolf	o.O.	o.O.	 erhalten 20.10.1839
48	Asher, Adolf an Zunz, Leopold: o.O., o.D.	Zunz, Leopold	Asher, Adolf	o.O.	o.O.	 o.D.
49	Asher, Adolf an Zunz, Leopold: o.O., erhalten 19.11.1839	Zunz, Leopold	Asher, Adolf	o.O.	o.O.	 erhalten 19.11.1839
51	Asher, Adolf an Zunz, Leopold: o.O., 05.02.1840	Zunz, Leopold	Asher, Adolf	o.O.	o.O.	 05.02.1840
52	Asher, Adolf an Zunz, Leopold: o.O., 13.12.1839	Zunz, Leopold	Asher, Adolf	o.O.	o.O.	 13.12.1839
58	Asher, Adolf an Zunz, Leopold: o.O., 23.11.1840	Zunz, Leopold	Asher, Adolf	o.O.	o.O.	 23.11.1840
59	Asher, Adolf an Zunz, Leopold: o.O., 04.02.1841	Zunz, Leopold	Asher, Adolf	o.O.	o.O.	 04.02.1841
60	Asher, Adolf an Zunz, Leopold: o.O., 07.02.1841	Zunz, Leopold	Asher, Adolf	o.O.	o.O.	 07.02.1841
61	Asher, Adolf an Zunz, Leopold: o.O., 06.03.1841	Zunz, Leopold	Asher, Adolf	o.O.	o.O.	 06.03.1841
63	Asher, Adolf an Zunz, Leopold: o.O., 25.06.1841	Zunz, Leopold	Asher, Adolf	o.O.	o.O.	 25.06.1841
65	Asher, Adolf an Zunz, Leopold: o.O., erhalten 15.7.1841	Zunz, Leopold	Asher, Adolf	o.O.	o.O.	 erhalten 15.7.1841
67	Asher, Adolf an Zunz, Leopold: o.O., 01.09.1841	Zunz, Leopold	Asher, Adolf	o.O.	o.O.	 01.09.1841
74	Asher, Adolf an Zunz, Leopold: o.O., erhalten 28.7.1847	Zunz, Leopold	Asher, Adolf	o.O.	o.O.	 erhalten 28.7.1847
78	Asher, Adolf an Zunz, Leopold: o.O., September 1848	Zunz, Leopold	Asher, Adolf	o.O.	o.O.	 September 1848
79	Asher, Adolf an Zunz, Leopold: o.O., o.D.	Zunz, Leopold	Asher, Adolf	o.O.	o.O.	 o.D.
80	Asher, Anna an Zunz, Adelheid: o.O., o.D.	Zunz, Adelheid	Asher, Anna	o.O.	o.O.	 o.D.
86	Asher, Adolf an Zunz, Adelheid: o.O., o.D.	Zunz, Adelheid	Asher, Adolf	o.O.	o.O.	 o.D.
88	Asher, Adolf / Asher, Anna an Zunz, Leopold: Venezia;Verona, 14.07.1853-12.08.1853	Zunz, Leopold	Asher, Adolf / Asher, Anna	Venezia;Verona	Venezia;Verona	 14.07.1853-12.08.1853
90	Asher, Anna an Zunz, Adelheid: Altwasser, 06.06.1854	Zunz, Adelheid	Asher, Anna	Altwasser	Altwasser	 06.06.1854
91	Asher, Anna an Zunz, Leopold: Altwasser, 04.08.1854	Zunz, Leopold	Asher, Anna	Altwasser	Altwasser	 04.08.1854
92	Asher, Anna an Zunz, Leopold: Altwasser, 27.06.1855	Zunz, Leopold	Asher, Anna	Altwasser	Altwasser	 27.06.1855
99	Aub, Joseph an Zunz, Leopold: o.O., erhalten 20.9.1865	Zunz, Leopold	Aub, Joseph	o.O.	o.O.	 erhalten 20.9.1865
101	Aub, W. an Zunz, Leopold: Fürth, 03.05.1839	Zunz, Leopold	Aub, W.	Fürth	Fürth	 03.05.1839
102	Aub, W. an Zunz, Leopold: Fürth, 15.10.1839	Zunz, Leopold	Aub, W.	Fürth	Fürth	 15.10.1839
103	Aub, W. an Zunz, Leopold: Fürth, 04.12.1839	Zunz, Leopold	Aub, W.	Fürth	Fürth	 04.12.1839
132	Beer, Wilhelm an Zunz, Leopold: o.O., 23.12.1836	Zunz, Leopold	Beer, Wilhelm	o.O.	o.O.	 23.12.1836
133	Beer, Wilhelm an Zunz, Leopold: o.O., 30.05.1838	Zunz, Leopold	Beer, Wilhelm	o.O.	o.O.	 30.05.1838
134	Beer, Wilhelm an Zunz, Leopold: o.O., 15.02.1849	Zunz, Leopold	Beer, Wilhelm	o.O.	o.O.	 15.02.1849
135	Beer, Wilhelm an Zunz, Leopold: o.O., 04.03.1849	Zunz, Leopold	Beer, Wilhelm	o.O.	o.O.	 04.03.1849
137	Behrend, Meyer an Zunz, Leopold: Samoczyn, 15.01.1847	Zunz, Leopold	Behrend, Meyer	Samoczyn	Samoczyn	 15.01.1847
138	Behrend, Meyer an Zunz, Leopold: Samoczyn, 30.05.1848	Zunz, Leopold	Behrend, Meyer	Samoczyn	Samoczyn	 30.05.1848
144	Bellermann, Johann Friedrich an Zunz, Leopold: o.O., 17.10.1827	Zunz, Leopold	Bellermann, Johann Friedrich	o.O.	o.O.	 17.10.1827
145	Bellermann, Johann Friedrich an Zunz, Leopold: o.O., 23.05.1829	Zunz, Leopold	Bellermann, Johann Friedrich	o.O.	o.O.	 23.05.1829
147	Bellermann, Johann Friedrich an Zunz, Leopold: o.O., 30.09.1843	Zunz, Leopold	Bellermann, Johann Friedrich	o.O.	o.O.	 30.09.1843
149	Bendavid, Lazarus an Zunz, Leopold: o.O., 1821	Zunz, Leopold	Bendavid, Lazarus	o.O.	o.O.	1821
150	Bendavid, Lazarus an Zunz, Leopold: o.O., 12.04.1822	Zunz, Leopold	Bendavid, Lazarus	o.O.	o.O.	 12.04.1822
151	Bendavid, Lazarus an Zunz, Leopold: o.O., 11.09.1822	Zunz, Leopold	Bendavid, Lazarus	o.O.	o.O.	 11.09.1822
152	Bendavid, Lazarus an Zunz, Leopold: o.O., 22.07.1822	Zunz, Leopold	Bendavid, Lazarus	o.O.	o.O.	 22.07.1822
153	Bendavid, Lazarus an Zunz, Leopold: o.O., 01.12.1822	Zunz, Leopold	Bendavid, Lazarus	o.O.	o.O.	 01.12.1822
154	Bendavid, Lazarus an Zunz, Leopold: o.O., 03.02.1823	Zunz, Leopold	Bendavid, Lazarus	o.O.	o.O.	 03.02.1823
155	Bendavid, Lazarus an Zunz, Leopold: o.O., 10.02.1823	Zunz, Leopold	Bendavid, Lazarus	o.O.	o.O.	 10.02.1823
156	Bendavid, Lazarus an Zunz, Leopold: o.O., 19.02.1823	Zunz, Leopold	Bendavid, Lazarus	o.O.	o.O.	 19.02.1823
157	Bendavid, Lazarus an Zunz, Leopold: o.O., 03.03.1823	Zunz, Leopold	Bendavid, Lazarus	o.O.	o.O.	 03.03.1823
158	Bendavid, Lazarus an Zunz, Leopold: o.O., 19.03.1823	Zunz, Leopold	Bendavid, Lazarus	o.O.	o.O.	 19.03.1823
159	Bendavid, Lazarus an Zunz, Leopold: o.O., 03.04.1823	Zunz, Leopold	Bendavid, Lazarus	o.O.	o.O.	 03.04.1823
160	Bendavid, Lazarus an Zunz, Leopold: o.O., 23.12.1825	Zunz, Leopold	Bendavid, Lazarus	o.O.	o.O.	 23.12.1825
167	Bergis, ... an Zunz, Leopold: Rackschütz, 09.06.1823	Zunz, Leopold	Bergis, ...	Rackschütz	Rackschütz	 09.06.1823
209	Bierer, Rubin an Zunz, Leopold: Belgrad, o.D.	Zunz, Leopold	Bierer, Rubin	Belgrad	Belgrad	 o.D.
213	Bisliches, Isaac an Zunz, Leopold: o.O., erhalten 13.3.1833	Zunz, Leopold	Bisliches, Isaac	o.O.	o.O.	 erhalten 13.3.1833
221	Block, M. an Zunz, Leopold: Simmern, 10.11.1839	Zunz, Leopold	Block, M.	Simmern	Simmern	 10.11.1839
222	Block, M. an Zunz, Leopold: Simmern, 25.03.1840	Zunz, Leopold	Block, M.	Simmern	Simmern	 25.03.1840
223	Block, M. an Zunz, Leopold: Simmern, 08.11.1840	Zunz, Leopold	Block, M.	Simmern	Simmern	 08.11.1840
224	Blumenau, J. an Zunz, Leopold: Karlsbad, 08.06.1876	Zunz, Leopold	Blumenau, J.	Karlsbad	Karlsbad	 08.06.1876
229	Blumenthal, Michael an Zunz, Leopold: Wongrowitz, 29.11.1846	Zunz, Leopold	Blumenthal, Michael	Wongrowitz	Wongrowitz	 29.11.1846
234	Borrosch, Aloys / André, ... an Zunz, Leopold: o.O., 04.03.1836	Zunz, Leopold	Borrosch, Aloys / André, ...	o.O.	o.O.	 04.03.1836
261	Brück, M... an Zunz, Leopold: Frankfurt-Rödelheim, 01.11.1837	Zunz, Leopold	Brück, M...	Frankfurt-Rödelheim	Frankfurt-Rödelheim	 01.11.1837
264	Brüll, Nehemias an Zunz, Leopold: Bzenec, 27.08.1869	Zunz, Leopold	Brüll, Nehemias	Bzenec	Bzenec	 27.08.1869
277	Budwig, Markus an Zunz, Leopold: o.O., erhalten 4.5.1847	Zunz, Leopold	Budwig, Markus	o.O.	o.O.	 erhalten 4.5.1847
304	Busch, Isidor an Zunz, Leopold: o.O., März 1848	Zunz, Leopold	Busch, Isidor	o.O.	o.O.	 März 1848
311	Böckh, August an Zunz, Leopold: / Böckh: Berlin, 28.12.1841	Zunz, Leopold	Böckh, August	/ Böckh: Berlin	/ Böckh: Berlin	 28.12.1841
312	Böhm, Lotte an Zunz, Leopold: Fürth, 13.06.1852	Zunz, Leopold	Böhm, Lotte	Fürth	Fürth	 13.06.1852
348	Cassel, Paulus an Zunz, Leopold: o.O., o.D.	Zunz, Leopold	Cassel, Paulus	o.O.	o.O.	 o.D.
349	Cassel, Paulus an Zunz, Leopold: o.O., 04.05.1847	Zunz, Leopold	Cassel, Paulus	o.O.	o.O.	 04.05.1847
350	Cassel, Paulus an Zunz, Leopold: o.O., 27.09.1848	Zunz, Leopold	Cassel, Paulus	o.O.	o.O.	 27.09.1848
351	Cassel, Paulus an Zunz, Leopold: o.O., 08.10.1848	Zunz, Leopold	Cassel, Paulus	o.O.	o.O.	 08.10.1848
353	Castro, Rahel de an Zunz, Adelheid: Altona, 19.02.1861	Zunz, Adelheid	Castro, Rahel de	Altona	Altona	 19.02.1861
354	Castro, Benjamin de an Zunz, Leopold: Altona, 17.09.1827	Zunz, Leopold	Castro, Benjamin de	Altona	Altona	 17.09.1827
355	Castro, Benjamin de an Zunz, Leopold: Altona, 29.06.1828	Zunz, Leopold	Castro, Benjamin de	Altona	Altona	 29.06.1828
356	Castro, Benjamin de an Zunz, Leopold: Altona, 16.11.1828	Zunz, Leopold	Castro, Benjamin de	Altona	Altona	 16.11.1828
357	Castro, David de an Zunz, Leopold: Altona, 22.02.1828	Zunz, Leopold	Castro, David de	Altona	Altona	 22.02.1828
361	Castro, David de an Zunz, Leopold: Altona, 09.10.1830	Zunz, Leopold	Castro, David de	Altona	Altona	 09.10.1830
363	Castro, David de an Zunz, Leopold: Altona, 16.05.1843	Zunz, Leopold	Castro, David de	Altona	Altona	 16.05.1843
364	Castro, David de an Zunz, Leopold: Altona, 15.06.1843	Zunz, Leopold	Castro, David de	Altona	Altona	 15.06.1843
366	Castro, Jacob de an Zunz, Leopold: Oranienburg, 17.02.1829	Zunz, Leopold	Castro, Jacob de	Oranienburg	Oranienburg	 17.02.1829
367	"Chajes, Wolf an Zunz, Leopold: ""Mayyim Hayyim"" / , 07.08.1864"	Zunz, Leopold	Chajes, Wolf	"""Mayyim Hayyim"" / "	"""Mayyim Hayyim"" / "	 07.08.1864
368	"Chajes, Wolf. ""Mayyim Hayyim"": Brody, August 1864"			 Brody	 Brody	 August 1864
369	Chorin, Aaron an Zunz, Leopold: Arad, 23.11.1832	Zunz, Leopold	Chorin, Aaron	Arad	Arad	 23.11.1832
370	Chorin, Aaron an Zunz, Leopold: Arad, 02.05.1833	Zunz, Leopold	Chorin, Aaron	Arad	Arad	 02.05.1833
371	Chorin, Aaron an Zunz, Leopold: Arad, 12.07.1833	Zunz, Leopold	Chorin, Aaron	Arad	Arad	 12.07.1833
372	Chorin, Aaron an Zunz, Leopold: Arad, 30.08.1833	Zunz, Leopold	Chorin, Aaron	Arad	Arad	 30.08.1833
374	Chorin, Aaron an Zunz, Leopold: Arad, 01.11.1837	Zunz, Leopold	Chorin, Aaron	Arad	Arad	 01.11.1837
384	Cohen, Hermann an Zunz, Leopold: Coswig, 04.09.1874	Zunz, Leopold	Cohen, Hermann	Coswig	Coswig	 04.09.1874
397	Cohn, Albert an Zunz, Leopold: St. Cloud, 29.05.1864	Zunz, Leopold	Cohn, Albert	St. Cloud	St. Cloud	 29.05.1864
406	Cohn, Louis an Zunz, Leopold: Bremen, 13.09.1834	Zunz, Leopold	Cohn, Louis	Bremen	Bremen	 13.09.1834
417	Delitzsch, Franz an Zunz, Leopold: o.O., 08.10.1838	Zunz, Leopold	Delitzsch, Franz	o.O.	o.O.	 08.10.1838
429	Detmold, A.W. an Zunz, Leopold: o.O., o.D.	Zunz, Leopold	Detmold, A.W.	o.O.	o.O.	 o.D.
467	Dukes, Leopold an Zunz, Leopold: o.O., erhalten 5.9.1842	Zunz, Leopold	Dukes, Leopold	o.O.	o.O.	 erhalten 5.9.1842
469	Dukes, Leopold an Zunz, Leopold: o.O., o.D.	Zunz, Leopold	Dukes, Leopold	o.O.	o.O.	 o.D.
472	Dukes, Leopold an Zunz, Leopold: Notizen zu verschiedenen hebräischen Schriften / , 12.08.1838	Zunz, Leopold	Dukes, Leopold	Notizen zu verschiedenen hebräischen Schriften / 	Notizen zu verschiedenen hebräischen Schriften / 	 12.08.1838
478	Fabian, Alexander an Zunz, Leopold: Halle, 08.10.1846	Zunz, Leopold	Fabian, Alexander	Halle	Halle	 08.10.1846
483	Feuchtwanger, Lewis an Zunz, Leopold: Philadelphia, 10.03.1880	Zunz, Leopold	Feuchtwanger, Lewis	Philadelphia	Philadelphia	 10.03.1880
484	Fidalgo, B.M. an Zunz, Leopold: Altona, 04.06.1830	Zunz, Leopold	Fidalgo, B.M.	Altona	Altona	 04.06.1830
486	Fleischer, Heinrich Leberecht an Zunz, Leopold: o.O., 06.12.1845	Zunz, Leopold	Fleischer, Heinrich Leberecht	o.O.	o.O.	 06.12.1845
532	Freudenthal, Jakob an Zunz, Leopold: o.O., erhalten 25.1.1874	Zunz, Leopold	Freudenthal, Jakob	o.O.	o.O.	 erhalten 25.1.1874
535	Freudenthal, Simon Behr an Zunz, Leopold: Friedland, Mai 1847	Zunz, Leopold	Freudenthal, Simon Behr	Friedland	Friedland	 Mai 1847
536	Freudenthal, Simon Behr an Zunz, Leopold: Friedland, 08.08.1847	Zunz, Leopold	Freudenthal, Simon Behr	Friedland	Friedland	 08.08.1847
547	Friedlaender, G. an Zunz, Leopold: o.O., 27. Mai	Zunz, Leopold	Friedlaender, G.	o.O.	o.O.	 27. Mai
553	Friedländer, David an Zunz, Leopold: o.O., 04.04.1822	Zunz, Leopold	Friedländer, David	o.O.	o.O.	 04.04.1822
554	Friedländer, David an Zunz, Leopold: o.O., 04.05.1822	Zunz, Leopold	Friedländer, David	o.O.	o.O.	 04.05.1822
555	Friedländer, David an Zunz, Leopold: o.O., 26.06.1822	Zunz, Leopold	Friedländer, David	o.O.	o.O.	 26.06.1822
557	Friedländer, David an Zunz, Leopold: o.O., o.D.	Zunz, Leopold	Friedländer, David	o.O.	o.O.	 o.D.
560	Friedländer, David an Zunz, Leopold: o.O., 21.01.1831	Zunz, Leopold	Friedländer, David	o.O.	o.O.	 21.01.1831
561	Friedländer, David an Zunz, Leopold: o.O., 4.4.18??	Zunz, Leopold	Friedländer, David	o.O.	o.O.	 4.4.18??
562	Friedländer, David an Zunz, Leopold: o.O., o.D.	Zunz, Leopold	Friedländer, David	o.O.	o.O.	 o.D.
565	Friedländer, David an Zunz, Leopold: o.O., o.D.	Zunz, Leopold	Friedländer, David	o.O.	o.O.	 o.D.
566	Friedländer, Emil Gottlieb an Zunz, Leopold: o.O., 22.12.1832	Zunz, Leopold	Friedländer, Emil Gottlieb	o.O.	o.O.	 22.12.1832
567	Friedländer, Emil Gottlieb an Zunz, Leopold: o.O., 6. September	Zunz, Leopold	Friedländer, Emil Gottlieb	o.O.	o.O.	 6. September
568	Friedländer, Emil Gottlieb an Zunz, Leopold / Friedländer, David: o.O., 29.12.1834	Zunz, Leopold / Friedländer, David	Friedländer, Emil Gottlieb	o.O.	o.O.	 29.12.1834
569	Friedländer, Emil Gottlieb an Zunz, Leopold: o.O., 12.03.1841	Zunz, Leopold	Friedländer, Emil Gottlieb	o.O.	o.O.	 12.03.1841
594	Gans, Eduard an Zunz, Leopold: o.O., o.D.	Zunz, Leopold	Gans, Eduard	o.O.	o.O.	 o.D.
634	Geiger, Abraham an Zunz, Leopold: o.O., erhalten 24.3.1840	Zunz, Leopold	Geiger, Abraham	o.O.	o.O.	 erhalten 24.3.1840
635	Geiger, Abraham an Zunz, Leopold: o.O., erhalten 4.4.1840	Zunz, Leopold	Geiger, Abraham	o.O.	o.O.	 erhalten 4.4.1840
636	Geiger, Abraham an Zunz, Leopold: o.O., erhalten 18.4.1840	Zunz, Leopold	Geiger, Abraham	o.O.	o.O.	 erhalten 18.4.1840
696	Gerstenberg, ... an Zunz, Leopold: o.O., erhalten 21.1.1834	Zunz, Leopold	Gerstenberg, ...	o.O.	o.O.	 erhalten 21.1.1834
697	Gewer, H. an Zunz, Leopold: o.O., 28.11.1849	Zunz, Leopold	Gewer, H.	o.O.	o.O.	 28.11.1849
698	"Glaeser, Ernest. Enzyklopädieartikel über Zunz / Subskriptionsformular für die ""Biographie nationale des contemporains"": , o.D."			 	 	 o.D.
701	Glückstadt, R. M. an Zunz, Leopold: o.O., erhalten 26.7. - vermutlich 1847	Zunz, Leopold	Glückstadt, R. M.	o.O.	o.O.	 erhalten 26.7. - vermutlich 1847
712	Goldenberg, Samuel Löb an Zunz, Leopold: o.O., 17.09.1843	Zunz, Leopold	Goldenberg, Samuel Löb	o.O.	o.O.	 17.09.1843
720	Gottheil, Fabian an Zunz, Leopold: Töeplitz, 17.07.1821	Zunz, Leopold	Gottheil, Fabian	Töeplitz	Töeplitz	 17.07.1821
722	Gottschalk, Israel an Zunz, Leopold: Friedland an der Mohra, 06.12.1846	Zunz, Leopold	Gottschalk, Israel	Friedland an der Mohra	Friedland an der Mohra	 06.12.1846
729	Graffunder, Alfred an Zunz, Leopold: o.O., 27.12.1823	Zunz, Leopold	Graffunder, Alfred	o.O.	o.O.	 27.12.1823
730	Graffunder, Alfred an Zunz, Leopold: o.O., 28.12.1823	Zunz, Leopold	Graffunder, Alfred	o.O.	o.O.	 28.12.1823
744	Guggenheimer, Joseph an Zunz, Leopold: / Dr. Gugenheimer: Wien, 31.10.1852	Zunz, Leopold	Guggenheimer, Joseph	/ Dr. Gugenheimer: Wien	/ Dr. Gugenheimer: Wien	 31.10.1852
745	Guggenheimer, Joseph an Zunz, Leopold: / Dr. Gugenheimer: Wien, 06.12.1852	Zunz, Leopold	Guggenheimer, Joseph	/ Dr. Gugenheimer: Wien	/ Dr. Gugenheimer: Wien	 06.12.1852
746	Guggenheimer, Joseph an Zunz, Leopold: / Dr. Gugenheimer: Wien, 23.03.1853	Zunz, Leopold	Guggenheimer, Joseph	/ Dr. Gugenheimer: Wien	/ Dr. Gugenheimer: Wien	 23.03.1853
747	Guggenheimer, Joseph an Zunz, Leopold: / Dr. Gugenheimer: Wien, 17.07.1853	Zunz, Leopold	Guggenheimer, Joseph	/ Dr. Gugenheimer: Wien	/ Dr. Gugenheimer: Wien	 17.07.1853
770	Götz, ... (Dr.) an Zunz, Leopold: Fürstenberg (Mecklenburg), 15.04.1845	Zunz, Leopold	Götz, ... (Dr.)	Fürstenberg (Mecklenburg)	Fürstenberg (Mecklenburg)	 15.04.1845
813	Haas, David an Zunz, Leopold: o.O., erhalten 24.4.1816	Zunz, Leopold	Haas, David	o.O.	o.O.	 erhalten 24.4.1816
818	Haller, Ludwig an Zunz, Leopold: Altona, 30.11.1821	Zunz, Leopold	Haller, Ludwig	Altona	Altona	 30.11.1821
819	Haller, Ludwig an Zunz, Leopold: Altona, 22.10.1821	Zunz, Leopold	Haller, Ludwig	Altona	Altona	 22.10.1821
820	Haller, Ludwig an Zunz, Leopold: Altona, 28.03.1822	Zunz, Leopold	Haller, Ludwig	Altona	Altona	 28.03.1822
822	Hamburger, Jacob an Zunz, Leopold: Altstrelitz, 06.02.1866	Zunz, Leopold	Hamburger, Jacob	Altstrelitz	Altstrelitz	 06.02.1866
823	Hamburger, Jacob an Zunz, Leopold: Strelitz in Mecklb., 24.04.1877	Zunz, Leopold	Hamburger, Jacob	Strelitz in Mecklb.	Strelitz in Mecklb.	 24.04.1877
824	Hamburger, Jacob an Zunz, Leopold: Strelitz in Mecklb., 02.05.1877	Zunz, Leopold	Hamburger, Jacob	Strelitz in Mecklb.	Strelitz in Mecklb.	 02.05.1877
825	Hamburger, Jacob an Zunz, Leopold: Strelitz (Mecklb.), 21.02.1878	Zunz, Leopold	Hamburger, Jacob	Strelitz (Mecklb.)	Strelitz (Mecklb.)	 21.02.1878
826	Hamburger, Jacob an Zunz, Leopold: Strelitz in Mecklb., 07.05.1883	Zunz, Leopold	Hamburger, Jacob	Strelitz in Mecklb.	Strelitz in Mecklb.	 07.05.1883
828	Hanstein, ... an Zunz, Leopold: o.O., 11.08.1820	Zunz, Leopold	Hanstein, ...	o.O.	o.O.	 11.08.1820
857	Heilbronn, David an Zunz, Adelheid: o.O., o.D.	Zunz, Adelheid	Heilbronn, David	o.O.	o.O.	 o.D.
864	Heinemann, M. an Zunz, Leopold: o.O., 04.07.1819	Zunz, Leopold	Heinemann, M.	o.O.	o.O.	 04.07.1819
877	Hertz, Gustav an Zunz, Leopold: o.O., vermutlich Berlin, 18.01.1845	Zunz, Leopold	Hertz, Gustav	o.O.	o.O.	 vermutlich Berlin, 18.01.1845
878	Hertz, Jakob an Zunz, Leopold: o.O., 22.04.1838	Zunz, Leopold	Hertz, Jakob	o.O.	o.O.	 22.04.1838
887	Herzfeld, Levi an Zunz, Leopold: o.O., erhalten 6.9.1838	Zunz, Leopold	Herzfeld, Levi	o.O.	o.O.	 erhalten 6.9.1838
892	Herzfeld, Levi an Zunz, Leopold: o.O., o.D.	Zunz, Leopold	Herzfeld, Levi	o.O.	o.O.	 o.D.
897	Hess, Mendel an Zunz, Leopold: Eisenach, September 1845	Zunz, Leopold	Hess, Mendel	Eisenach	Eisenach	 September 1845
898	Hess, Mendel an Zunz, Leopold: Eisenach, 23.01.1846	Zunz, Leopold	Hess, Mendel	Eisenach	Eisenach	 23.01.1846
903	Hillmar, Joseph an Zunz, Leopold: o.O., o.D.	Zunz, Leopold	Hillmar, Joseph	o.O.	o.O.	 o.D.
904	Hillmar, Joseph an Zunz, Leopold: o.O., 14.12.1823	Zunz, Leopold	Hillmar, Joseph	o.O.	o.O.	 14.12.1823
942	Horwitz, Nathan an Zunz, Leopold / Krochmal, Nachman: / , 08.07.1851	Zunz, Leopold / Krochmal, Nachman	Horwitz, Nathan	/ 	/ 	 08.07.1851
943	Horwitz, Nathan an Zunz, Leopold: / , 15.06.1852	Zunz, Leopold	Horwitz, Nathan	/ 	/ 	 15.06.1852
945	Horwitz, Nathan an Zunz, Leopold / Krochmal, Nachman: / , 15.01.1845	Zunz, Leopold / Krochmal, Nachman	Horwitz, Nathan	/ 	/ 	 15.01.1845
954	Horwitz, Nathan an Zunz, Leopold / Krochmal, Nachman: Ausführliches Inhaltsverzeichnis zu More Nevukhe ha-Zeman / , 02.10.1840	Zunz, Leopold / Krochmal, Nachman	Horwitz, Nathan	Ausführliches Inhaltsverzeichnis zu More Nevukhe ha-Zeman / 	Ausführliches Inhaltsverzeichnis zu More Nevukhe ha-Zeman / 	 02.10.1840
958	Hörtel, ... an Zunz, Leopold: o.O., 02.12.1849	Zunz, Leopold	Hörtel, ...	o.O.	o.O.	 02.12.1849
959	Hörtel, ... an Zunz, Leopold: o.O., 10.12.1849	Zunz, Leopold	Hörtel, ...	o.O.	o.O.	 10.12.1849
966	Jacobson, Hermann an Zunz, Leopold: / H. Jacobson: o.O., 27.10.1823	Zunz, Leopold	Jacobson, Hermann	/ H. Jacobson: o.O.	/ H. Jacobson: o.O.	 27.10.1823
972	Jacobson, Jakob Hirsch an Zunz, Leopold: Mislowitz, März 1842	Zunz, Leopold	Jacobson, Jakob Hirsch	Mislowitz	Mislowitz	 März 1842
973	Jacobson, Jakob Hirsch an Zunz, Leopold: Mislowitz, 10.05.1842	Zunz, Leopold	Jacobson, Jakob Hirsch	Mislowitz	Mislowitz	 10.05.1842
975	Jacobson, Jakob Hirsch an Zunz, Leopold: Kempen (bei Breslau), 05.07.1846	Zunz, Leopold	Jacobson, Jakob Hirsch	Kempen (bei Breslau)	Kempen (bei Breslau)	 05.07.1846
976	Jacobson, Jakob Hirsch an Zunz, Leopold: Kempen bei Breslau, 02.09.1846	Zunz, Leopold	Jacobson, Jakob Hirsch	Kempen bei Breslau	Kempen bei Breslau	 02.09.1846
977	Jacobson, Jakob Hirsch an Zunz, Leopold: Marienwerder, 25.05.1859	Zunz, Leopold	Jacobson, Jakob Hirsch	Marienwerder	Marienwerder	 25.05.1859
982	Jacobson, Meyer an Zunz, Leopold: o.O., 21.02.1817	Zunz, Leopold	Jacobson, Meyer	o.O.	o.O.	 21.02.1817
985	Jeiteles, Joseph an Zunz, Leopold: o.O., erhalten 14.2.1845	Zunz, Leopold	Jeiteles, Joseph	o.O.	o.O.	 erhalten 14.2.1845
986	Jeiteles, Joseph an Zunz, Leopold: Eidlitz, 03.05.1847	Zunz, Leopold	Jeiteles, Joseph	Eidlitz	Eidlitz	 03.05.1847
987	Jeiteles, Joseph an Zunz, Leopold: o.O., 1872	Zunz, Leopold	Jeiteles, Joseph	o.O.	o.O.	1872
997	Johlson, Josef an Zunz, Leopold: / , 22.09.1833	Zunz, Leopold	Johlson, Josef	/ 	/ 	 22.09.1833
1001	Johlson, Josef an Zunz, Leopold: / , 22.10.1833	Zunz, Leopold	Johlson, Josef	/ 	/ 	 22.10.1833
1024	Jost, Isaak Markus an Zunz, Leopold: o.O., vermutlich Berlin, o.D.	Zunz, Leopold	Jost, Isaak Markus	o.O.	o.O.	 vermutlich Berlin, o.D.
1073	Jost, Isaak Markus an Zunz, Leopold: o.O., erhalten 22. April	Zunz, Leopold	Jost, Isaak Markus	o.O.	o.O.	 erhalten 22. April
1081	Kaempf, Saul Isaak an Zunz, Leopold: Halle, 20.08.1844	Zunz, Leopold	Kaempf, Saul Isaak	Halle	Halle	 20.08.1844
1083	Kaempf, Saul Isaak an Zunz, Leopold: Strelitz in Meklenburg, 15.12.1844	Zunz, Leopold	Kaempf, Saul Isaak	Strelitz in Meklenburg	Strelitz in Meklenburg	 15.12.1844
1087	Kalisch, Moritz an Zunz, Leopold: Gleißen, 29.08.1822	Zunz, Leopold	Kalisch, Moritz	Gleißen	Gleißen	 29.08.1822
1088	Kalisch, Moritz an Zunz, Leopold: Gleißen, 02.09.1822	Zunz, Leopold	Kalisch, Moritz	Gleißen	Gleißen	 02.09.1822
1089	Kalisch, ... an Zunz, Leopold: o.O., Januar 1855	Zunz, Leopold	Kalisch, ...	o.O.	o.O.	 Januar 1855
1093	Katzenellenbogen, M. an Zunz, Leopold: o.O., erhalten 13.11.1850	Zunz, Leopold	Katzenellenbogen, M.	o.O.	o.O.	 erhalten 13.11.1850
1099	Kaufmann, David an Zunz, Leopold: Kojetein, 09.08.1874	Zunz, Leopold	Kaufmann, David	Kojetein	Kojetein	 09.08.1874
1112	Kaufmann, David an Zunz, Leopold: Kojetein, 09.08.1875	Zunz, Leopold	Kaufmann, David	Kojetein	Kojetein	 09.08.1875
1113	Kaufmann, David an Zunz, Leopold: Kojetein, 19.08.1875	Zunz, Leopold	Kaufmann, David	Kojetein	Kojetein	 19.08.1875
1114	Kaufmann, David an Zunz, Leopold: Kojetein, 22.08.1875	Zunz, Leopold	Kaufmann, David	Kojetein	Kojetein	 22.08.1875
1115	Kaufmann, David an Zunz, Leopold: Kojetein, 03.09.1875	Zunz, Leopold	Kaufmann, David	Kojetein	Kojetein	 03.09.1875
1116	Kaufmann, David an Zunz, Leopold: Kojetein, 29.09.1875	Zunz, Leopold	Kaufmann, David	Kojetein	Kojetein	 29.09.1875
1117	Kaufmann, David an Zunz, Leopold: Kojetein, 09.10.1875	Zunz, Leopold	Kaufmann, David	Kojetein	Kojetein	 09.10.1875
1121	Kaufmann, David an Zunz, Leopold: Kojetein, 14.04.1876	Zunz, Leopold	Kaufmann, David	Kojetein	Kojetein	 14.04.1876
1122	Kaufmann, David an Zunz, Leopold: Kojetein, 26.04.1876	Zunz, Leopold	Kaufmann, David	Kojetein	Kojetein	 26.04.1876
1125	Kaufmann, David an Zunz, Leopold: o.O., 07.06.1876	Zunz, Leopold	Kaufmann, David	o.O.	o.O.	 07.06.1876
1126	Kaufmann, David an Zunz, Leopold: Kojetein, 21.07.1876	Zunz, Leopold	Kaufmann, David	Kojetein	Kojetein	 21.07.1876
1127	Kaufmann, David an Zunz, Leopold: Kojetein, 08.08.1876	Zunz, Leopold	Kaufmann, David	Kojetein	Kojetein	 08.08.1876
1128	Kaufmann, David an Zunz, Leopold: Kojetein, 25.08.1876	Zunz, Leopold	Kaufmann, David	Kojetein	Kojetein	 25.08.1876
1130	Kaufmann, David an Zunz, Leopold: Kojetein, 05.10.1876	Zunz, Leopold	Kaufmann, David	Kojetein	Kojetein	 05.10.1876
1135	Kaufmann, David an Zunz, Leopold: Kojetein, 01.04.1877	Zunz, Leopold	Kaufmann, David	Kojetein	Kojetein	 01.04.1877
1136	Kaufmann, David an Zunz, Leopold: Kojetein, 21.05.1877	Zunz, Leopold	Kaufmann, David	Kojetein	Kojetein	 21.05.1877
1137	Kaufmann, David an Zunz, Leopold: Kojetein, 07.06.1877	Zunz, Leopold	Kaufmann, David	Kojetein	Kojetein	 07.06.1877
1138	Kaufmann, David an Zunz, Leopold: Kojetein, 17.06.1877	Zunz, Leopold	Kaufmann, David	Kojetein	Kojetein	 17.06.1877
1139	Kaufmann, David an Zunz, Leopold: Kojetein, 21.06.1877	Zunz, Leopold	Kaufmann, David	Kojetein	Kojetein	 21.06.1877
1140	Kaufmann, David an Zunz, Leopold: Kojetein, 27.04.1877	Zunz, Leopold	Kaufmann, David	Kojetein	Kojetein	 27.04.1877
1144	Kaufmann, David an Zunz, Leopold: Kojetein, 07.09.1877	Zunz, Leopold	Kaufmann, David	Kojetein	Kojetein	 07.09.1877
1153	Kaufmann, David an Zunz, Leopold: Kojetein, 16.07.1879	Zunz, Leopold	Kaufmann, David	Kojetein	Kojetein	 16.07.1879
1164	Kaufmann, David an Zunz, Leopold: Kojetein, 09.08.1880	Zunz, Leopold	Kaufmann, David	Kojetein	Kojetein	 09.08.1880
1165	Kaufmann, David an Zunz, Leopold: Kojetein, 05.09.1880	Zunz, Leopold	Kaufmann, David	Kojetein	Kojetein	 05.09.1880
1175	Kaufmann, David an Zunz, Leopold: Kojetein, 30.08.1881	Zunz, Leopold	Kaufmann, David	Kojetein	Kojetein	 30.08.1881
1181	Kaufmann, David an Zunz, Leopold: Kojetein, 20.07.1882	Zunz, Leopold	Kaufmann, David	Kojetein	Kojetein	 20.07.1882
1196	Kayserling, Meyer an Zunz, Leopold: o.O., 29.12.1858	Zunz, Leopold	Kayserling, Meyer	o.O.	o.O.	 29.12.1858
1371	Kley, Johanna an Zunz, Adelheid: Hamburg-Pöseldorf, 16.09.1845	Zunz, Adelheid	Kley, Johanna	Hamburg-Pöseldorf	Hamburg-Pöseldorf	 16.09.1845
1493	Klingenstein, Joseph an Zunz, Leopold: Odernheim in Rheinhessen, 06.07.1864	Zunz, Leopold	Klingenstein, Joseph	Odernheim in Rheinhessen	Odernheim in Rheinhessen	 06.07.1864
1502	Kohn, Albert (Peczezeile) an Zunz, Leopold: Peczezeile, 1879	Zunz, Leopold	Kohn, Albert (Peczezeile)	Peczezeile	Peczezeile	1879
1531	Krug von Nidda, R. an Zunz, Leopold: o.O., 05.02.1840	Zunz, Leopold	Krug von Nidda, R.	o.O.	o.O.	 05.02.1840
1532	Krug von Nidda, R. an Zunz, Leopold: o.O., erhalten 18.3.1840	Zunz, Leopold	Krug von Nidda, R.	o.O.	o.O.	 erhalten 18.3.1840
1533	Krämer, S. an Zunz, Leopold / Culturverein: Altenmuhr, 29.06.1844	Zunz, Leopold / Culturverein	Krämer, S.	Altenmuhr	Altenmuhr	 29.06.1844
1537	Kuh, Salomon Gavy an Zunz, Leopold: Karlsbad, 18.06.1835	Zunz, Leopold	Kuh, Salomon Gavy	Karlsbad	Karlsbad	 18.06.1835
1538	Kuh, Salomon Gavy an Zunz, Leopold: Köthen, 10.08.1835	Zunz, Leopold	Kuh, Salomon Gavy	Köthen	Köthen	 10.08.1835
1551	Körper, J. H. an Zunz, Leopold: Weseritz in Böhmen, 02.09.1884	Zunz, Leopold	Körper, J. H.	Weseritz in Böhmen	Weseritz in Böhmen	 02.09.1884
1561	Landauer, Meyer Heinrich an Zunz, Leopold: Braunsbach, 17.09.1840	Zunz, Leopold	Landauer, Meyer Heinrich	Braunsbach	Braunsbach	 17.09.1840
1564	Landsberg, Mayer an Zunz, Leopold: o.O., 27.07.1840	Zunz, Leopold	Landsberg, Mayer	o.O.	o.O.	 27.07.1840
1565	Landsberg, Mayer an Zunz, Leopold: o.O., 10.08.1840	Zunz, Leopold	Landsberg, Mayer	o.O.	o.O.	 10.08.1840
1570	Landsberg, Mayer an Zunz, Leopold: o.O., 29.07.1842	Zunz, Leopold	Landsberg, Mayer	o.O.	o.O.	 29.07.1842
1574	Landsberg, Mayer an Zunz, Leopold: o.O., 18.09.1842	Zunz, Leopold	Landsberg, Mayer	o.O.	o.O.	 18.09.1842
1575	Landsberg, Mayer an Zunz, Leopold: o.O., 06.06.1843	Zunz, Leopold	Landsberg, Mayer	o.O.	o.O.	 06.06.1843
1585	Landsberg, Mayer an Zunz, Leopold: Hildesheim, 27.09.1864	Zunz, Leopold	Landsberg, Mayer	Hildesheim	Hildesheim	 27.09.1864
1608	Lattes, Elia an Zunz, Adelheid: o.O., 23.03.1865-27.03.1865	Zunz, Adelheid	Lattes, Elia	o.O.	o.O.	 23.03.1865-27.03.1865
1652	Lehmann, Joseph an Zunz, Leopold: o.O., 26.02.1843	Zunz, Leopold	Lehmann, Joseph	o.O.	o.O.	 26.02.1843
1659	Lesser, ... an Zunz, Leopold: o.O., 23.02.1842	Zunz, Leopold	Lesser, ...	o.O.	o.O.	 23.02.1842
1660	Lesser, Susette an Zunz, Adelheid: o.D.	Zunz, Adelheid	Lesser, Susette	o.D.	o.D.	
1698	Liepmann, Friedrich an Zunz, Leopold: o.O., 16.04.1861	Zunz, Leopold	Liepmann, Friedrich	o.O.	o.O.	 16.04.1861
1706	List, Joel Abraham an Zunz, Leopold: o.O., 08.05.1840	Zunz, Leopold	List, Joel Abraham	o.O.	o.O.	 08.05.1840
1712	Louise an Zunz, Leopold: o.O., 06.01.1874	Zunz, Leopold	Louise	o.O.	o.O.	 06.01.1874
1713	Lumbroso, Giacomo an Zunz, Leopold: o.O., 10.03.1868	Zunz, Leopold	Lumbroso, Giacomo	o.O.	o.O.	 10.03.1868
1714	Luria, Chanoch Sundel Ben Jesaja an Zunz, Leopold: o.O., 25.06.1844	Zunz, Leopold	Luria, Chanoch Sundel Ben Jesaja	o.O.	o.O.	 25.06.1844
1715	Luria, A. an Zunz, Leopold: Altona, 09.03.1859	Zunz, Leopold	Luria, A.	Altona	Altona	 09.03.1859
1736	Löwenheim, H.J. an Zunz, Leopold: Gehaus, 30.09.1829	Zunz, Leopold	Löwenheim, H.J.	Gehaus	Gehaus	 30.09.1829
1737	Löwenheim, H.J. an Zunz, Leopold: Stadt Lengsfeld, 06.08.1850	Zunz, Leopold	Löwenheim, H.J.	Stadt Lengsfeld	Stadt Lengsfeld	 06.08.1850
1738	Löwenheim, Julius an Zunz, Leopold: Lengsfeld, 22.01.1865	Zunz, Leopold	Löwenheim, Julius	Lengsfeld	Lengsfeld	 22.01.1865
1741	Mendele <Moicher Sforim> an Zunz, Leopold: / Abramovitz, S. Y.: Berdyczew, 15.11.1866	Zunz, Leopold	Mendele <Moicher Sforim>	/ Abramovitz	/ Abramovitz	 S. Y.: Berdyczew, 15.11.1866
1744	Seebohm, Betty an Zunz, Adelheid: / Adelaide Bermann: o.O., o.D.	Zunz, Adelheid	Seebohm, Betty	/ Adelaide Bermann: o.O.	/ Adelaide Bermann: o.O.	 o.D.
1748	Unbekannt an Zunz, Leopold: / Verf.: Tobias ?: Hamburg, 02.03.1813	Zunz, Leopold	Unbekannt	/ Verf.: Tobias ?: Hamburg	/ Verf.: Tobias ?: Hamburg	 02.03.1813
1750	Unbekannt an Zunz, Leopold: / Staatsminister: Berlin, 16.04.1859	Zunz, Leopold	Unbekannt	/ Staatsminister: Berlin	/ Staatsminister: Berlin	 16.04.1859
1751	Unbekannt an Zunz, Leopold: / I. G. R.: Berlin, 18.08.1822	Zunz, Leopold	Unbekannt	/ I. G. R.: Berlin	/ I. G. R.: Berlin	 18.08.1822
1834	Zunz, Leopold an Unbekannt: o.O., 14.02.1851	Unbekannt	Zunz, Leopold	o.O.	o.O.	 14.02.1851
1836	Zunz, Leopold an Verlagsbuchhandlung F.A. Brockhaus <Leipzig>. / Entwürfe zu zwei Briefen an F. A. Brockhaus: , 09.07.1872-13.07.1872	Verlagsbuchhandlung F.A. Brockhaus <Leipzig>. / Entwürfe zu zwei Briefen	Zunz, Leopold			 09.07.1872-13.07.1872
1839	Bendavid, Lazarus an Gauß, Carl Friedrich: 18.05.1817	Gauß, Carl Friedrich	Bendavid, Lazarus	18.05.1817	18.05.1817	
1840	Bendavid, Lazarus an Tedeschi, Michelangelo: / Abate Michelangelo Tedeschi: o.D.	Tedeschi, Michelangelo	Bendavid, Lazarus	/ Abate Michelangelo Tedeschi: o.D.	/ Abate Michelangelo Tedeschi: o.D.	
1841	Bendavid, Lazarus an Unbekannt / Preussische Akademie der Wissenschaften <Berlin>: / Monsieur: zwischen 1801 und 1804	Unbekannt / Preussische Akademie der Wissenschaften <Berlin>	Bendavid, Lazarus	/ Monsieur: zwischen 1801 und 1804	/ Monsieur: zwischen 1801 und 1804	
1842	Bendavid, Lazarus an Kästner, Abraham Gotthelf: / Hofrath Kästner: 27.06.1789	Kästner, Abraham Gotthelf	Bendavid, Lazarus	/ Hofrath Kästner: 27.06.1789	/ Hofrath Kästner: 27.06.1789	
1843	Bendavid, Lazarus an Eberhard, Johann August: 1791	Eberhard, Johann August	Bendavid, Lazarus	1791	1791	
1844	Bendavid, Lazarus an Parthey, Friedrich / Bendavid, Lazarus: / Hofrath Parthei: o.O., um 1822	Parthey, Friedrich / Bendavid, Lazarus	Bendavid, Lazarus	/ Hofrath Parthei: o.O.	/ Hofrath Parthei: o.O.	 um 1822
1845	Bendavid, Lazarus an Stieglitz, Johann / Koch, G. F. / Jungius, Joachim: / Dr. Stieglitz in Hannover: o.D.	Stieglitz, Johann / Koch, G. F. / Jungius, Joachim	Bendavid, Lazarus	/ Dr. Stieglitz in Hannover: o.D.	/ Dr. Stieglitz in Hannover: o.D.	
1846	Bendavid, Lazarus an Unbekannt: o.D.	Unbekannt	Bendavid, Lazarus	o.D.	o.D.	
1847	Bendavid, Lazarus an Gilly, David: 20.10.1807	Gilly, David	Bendavid, Lazarus	20.10.1807	20.10.1807	
1848	Bendavid, Lazarus an Unbekannt: / Lieber Freund: 14.11.1807	Unbekannt	Bendavid, Lazarus	/ Lieber Freund: 14.11.1807	/ Lieber Freund: 14.11.1807	
1849	Bendavid, Lazarus an Jost, Isaak Markus / Eybeshits, Yehonatan ben Natan Nata / Frey, Lucius Junius / Sabbetay Sevî: / lieber Herr College: o.O., 07.10.1812	Jost, Isaak Markus / Eybeshits, Yehonatan ben Natan Nata / Frey, Lucius Junius / Sabbetay Sevî	Bendavid, Lazarus	/ lieber Herr College: o.O.	/ lieber Herr College: o.O.	 07.10.1812
1850	Bendavid, Lazarus an Ransleben, Johann Ludwig / Feuerbach, Paul Johann Anselm von / Grolman, Karl Ludwig Wilhelm von: o.D.	Ransleben, Johann Ludwig / Feuerbach, Paul Johann Anselm von / Grolman, Karl Ludwig Wilhelm von	Bendavid, Lazarus	o.D.	o.D.	
1851	Bendavid, Lazarus an Stieglitz, Johann / Koch, G. F. / Jungius, Joachim: o.D.	Stieglitz, Johann / Koch, G. F. / Jungius, Joachim	Bendavid, Lazarus	o.D.	o.D.	
1852	Bendavid, Lazarus an Bellermann, Johann Joachim: / Ew. Hochwürden: 15.11.1824	Bellermann, Johann Joachim	Bendavid, Lazarus	/ Ew. Hochwürden: 15.11.1824	/ Ew. Hochwürden: 15.11.1824	
1853	Bendavid, Lazarus / Goethe, Johann Wolfgang von an Zelter, Carl Friedrich / Franklin, Benjamin / Home, Henry / Goethe, Johann Wolfgang von: o.O., 26.03.1829	Zelter, Carl Friedrich / Franklin, Benjamin / Home, Henry / Goethe, Johann Wolfgang von	Bendavid, Lazarus / Goethe, Johann Wolfgang von	o.O.	o.O.	 26.03.1829
1854	Bendavid, Lazarus an Unbekannt / Jungius, Joachim: / Ew. Wohlgebohren: Berlin, 14.05.1822	Unbekannt / Jungius, Joachim	Bendavid, Lazarus	/ Ew. Wohlgebohren: Berlin	/ Ew. Wohlgebohren: Berlin	 14.05.1822
1855	Bendavid, Lazarus an Unbekannt: / Lieber Freund: 12.05.1808	Unbekannt	Bendavid, Lazarus	/ Lieber Freund: 12.05.1808	/ Lieber Freund: 12.05.1808	
1856	Bendavid, Lazarus an Klein, .... Anmerkungen zu Anfragen von Klein: 08.05.1804	Klein, .... Anmerkungen zu Anfragen von Klein	Bendavid, Lazarus	08.05.1804	08.05.1804	
1857	Bendavid, Lazarus an Unbekannt. Briefentwurf: o.D.	Unbekannt. Briefentwurf	Bendavid, Lazarus	o.D.	o.D.	
1858	Auerbach, Isaac Levin an Bendavid, Lazarus: / I. L. Auerbach: Berlin, 08.06.1819	Bendavid, Lazarus	Auerbach, Isaac Levin	/ I. L. Auerbach: Berlin	/ I. L. Auerbach: Berlin	 08.06.1819
1859	Bellermann, Johann Joachim an Bendavid, Lazarus / Bendavid, Lazarus: o.O., 30.01.1812	Bendavid, Lazarus / Bendavid, Lazarus	Bellermann, Johann Joachim	o.O.	o.O.	 30.01.1812
1860	Bellermann, Johann Joachim an Bendavid, Lazarus: 08.03.1812	Bendavid, Lazarus	Bellermann, Johann Joachim	08.03.1812	08.03.1812	
1861	Bellermann, Johann Joachim an Bendavid, Lazarus: / Bellermann: 11.11.1824	Bendavid, Lazarus	Bellermann, Johann Joachim	/ Bellermann: 11.11.1824	/ Bellermann: 11.11.1824	
1862	Bendavid, Lazarus / Jungius, Joachim / Baumgärtnersche Buchhandlung <Leipzig>: / Baumgärtners Bchhdl: Leipzig, 07.04.1824			/ Baumgärtners Bchhdl: Leipzig	/ Baumgärtners Bchhdl: Leipzig	 07.04.1824
1863	Biester, Johann Erich an Bendavid, Lazarus: 16.12.1891	Bendavid, Lazarus	Biester, Johann Erich	16.12.1891		16.12.1891
1864	Biester, Johann Erich an Bendavid, Lazarus: 31.03.1804	Bendavid, Lazarus	Biester, Johann Erich	31.03.1804	31.03.1804	
1865	Castillon, Jean an Bendavid, Lazarus: / J. DE CASTILLON: Berlin, 13.04.1787	Bendavid, Lazarus	Castillon, Jean	/ J. DE CASTILLON: Berlin	/ J. DE CASTILLON: Berlin	 13.04.1787
1866	Castillon, Friedrich an Bendavid, Lazarus: / F. de Castillon: Lausanne, 14.07.1787	Bendavid, Lazarus	Castillon, Friedrich	/ F. de Castillon: Lausanne	/ F. de Castillon: Lausanne	 14.07.1787
1868	Eberhard, Johann August an Bendavid, Lazarus / Nicolai, Friedrich: / Eberhard: Halle, 16.02.1791	Bendavid, Lazarus / Nicolai, Friedrich	Eberhard, Johann August	/ Eberhard: Halle	/ Eberhard: Halle	 16.02.1791
1869	Eberhard, Johann August an Bendavid, Lazarus / Maimon, Salomon / Bendavid, Lazarus: / J A Eberhard: Halle, 23.09.1791	Bendavid, Lazarus / Maimon, Salomon / Bendavid, Lazarus	Eberhard, Johann August	/ J A Eberhard: Halle	/ J A Eberhard: Halle	 23.09.1791
1870	Eberhard, Johann August an Bendavid, Lazarus: / J A Eberhard: Halle, 15.10.1791	Bendavid, Lazarus	Eberhard, Johann August	/ J A Eberhard: Halle	/ J A Eberhard: Halle	 15.10.1791
1871	Gröben, Karl Wilhelm von der an Bendavid, Lazarus: o.O., 29.11.1805	Bendavid, Lazarus	Gröben, Karl Wilhelm von der	o.O.	o.O.	 29.11.1805
1872	Gröben, Karl Wilhelm von der an Bendavid, Lazarus: 03.07.1805	Bendavid, Lazarus	Gröben, Karl Wilhelm von der	03.07.1805	03.07.1805	
1877	Kästner, Abraham Gotthelf / Unbekannt an Bendavid, Lazarus: 07.04.1792	Bendavid, Lazarus	Kästner, Abraham Gotthelf / Unbekannt	07.04.1792		07.04.1792
1881	Kästner, Abraham Gotthelf an Bendavid, Lazarus / Kästner, Abraham Gotthelf: G., 07.05.1791	Bendavid, Lazarus / Kästner, Abraham Gotthelf	Kästner, Abraham Gotthelf	G.	G.	 07.05.1791
1882	Kästner, Abraham Gotthelf an Bendavid, Lazarus: G., 07.04.1792	Bendavid, Lazarus	Kästner, Abraham Gotthelf	G.	G.	 07.04.1792
1884	Kästner, Abraham Gotthelf an Bendavid, Lazarus: o.D.	Bendavid, Lazarus	Kästner, Abraham Gotthelf	o.D.	o.D.	
1887	Kästner, Abraham Gotthelf an Bendavid, Lazarus: G., 04.08.1794	Bendavid, Lazarus	Kästner, Abraham Gotthelf	G.	G.	 04.08.1794
1888	Kästner, Abraham Gotthelf an Bendavid, Lazarus: G., 7.??.1795 (Monat unleserlich)	Bendavid, Lazarus	Kästner, Abraham Gotthelf	G.	G.	 7.??.1795 (Monat unleserlich)
1891	Kästner, Abraham Gotthelf an Bendavid, Lazarus: G., 07.11.1799	Bendavid, Lazarus	Kästner, Abraham Gotthelf	G.	G.	 07.11.1799
1892	Kästner, Abraham Gotthelf an Bendavid, Lazarus / Becker, Wilhelm Gottlieb / Scheibel, Johann Ephraim / Carpzov, Johann Benedict / Nicolai, Friedrich: April 1794; August 1795	Bendavid, Lazarus / Becker, Wilhelm Gottlieb / Scheibel, Johann Ephraim / Carpzov, Johann Benedict / Nicolai, Friedrich	Kästner, Abraham Gotthelf	April 1794; August 1795	April 1794; August 1795	
1893	Maimon, Salomon an Bendavid, Lazarus: Siegersdorf bei Freistadt in Schlesien, 07.02.1800	Bendavid, Lazarus	Maimon, Salomon	Siegersdorf bei Freistadt in Schlesien	Siegersdorf bei Freistadt in Schlesien	 07.02.1800
1894	Maimon, Salomon an Bendavid, Lazarus: Siegersdorf bei Freystadt in Schlesien, 24.05.1800	Bendavid, Lazarus	Maimon, Salomon	Siegersdorf bei Freystadt in Schlesien	Siegersdorf bei Freystadt in Schlesien	 24.05.1800
1895	Meyer an Bendavid, Lazarus: 29.11.1821	Bendavid, Lazarus	Meyer	29.11.1821		29.11.1821
1896	Pochhammer, Georg Friedrich an Bendavid, Lazarus / Garmatter, Valentin: 13.01.1822	Bendavid, Lazarus / Garmatter, Valentin	Pochhammer, Georg Friedrich	13.01.1822	13.01.1822	
1897	Ransleben, Johann Ludwig an Bendavid, Lazarus / Feuerbach, Paul Johann Anselm von / Grolman, Karl Ludwig Wilhelm von: 26.03.1801	Bendavid, Lazarus / Feuerbach, Paul Johann Anselm von / Grolman, Karl Ludwig Wilhelm von	Ransleben, Johann Ludwig	26.03.1801	26.03.1801	
1900	Stieglitz, Johann an Bendavid, Lazarus: / Stieglitz: Hannover, 11.01.1822	Bendavid, Lazarus	Stieglitz, Johann	/ Stieglitz: Hannover	/ Stieglitz: Hannover	 11.01.1822
1902	Unbekannt an Bendavid, Lazarus / Pasquich, Johann: / Er. B.: Wien, 11.08.1797	Bendavid, Lazarus / Pasquich, Johann	Unbekannt	/ Er. B.: Wien	/ Er. B.: Wien	 11.08.1797
1904	Vohdan an Bendavid, Lazarus. Methode der kleinsten Quadrate, angewendet auf ein Beispiel der Geodäsie: 13.05.1822	Bendavid, Lazarus. Methode der kleinsten Quadrate, angewendet auf ein Beispiel der Geodäsie	Vohdan	13.05.1822	13.05.1822	
1912	Moser, Moses / Zunz, Leopold / Verein für Cultur und Wissenschaft der Juden. Ausschreibung der zweiten Predigerstelle in Leipzig					
1928	Günsburg, Carl Siegfried an Gans, Eduard / Verein für Cultur und Wissenschaft der Juden: / Günzburg: Breslau, 05.10.1821	Gans, Eduard / Verein für Cultur und Wissenschaft der Juden	Günsburg, Carl Siegfried	/ Günzburg: Breslau	/ Günzburg: Breslau	 05.10.1821
1930	Heilbronn, David / Hellwitz, Levi Lazar an Verein für Cultur und Wissenschaft der Juden: Örlinghausen, erhalten am 23.9.1821	Verein für Cultur und Wissenschaft der Juden	Heilbronn, David / Hellwitz, Levi Lazar	Örlinghausen	Örlinghausen	 erhalten am 23.9.1821
1932	Heilbronn, David an Gans, Eduard / Wolfers, Philipp / Verein für Cultur und Wissenschaft der Juden: Minden, 12.02.1822	Gans, Eduard / Wolfers, Philipp / Verein für Cultur und Wissenschaft der Juden	Heilbronn, David	Minden	Minden	 12.02.1822
1936	Kirschbaum, Elieser Sinai an Verein für Cultur und Wissenschaft der Juden: / Kirschbaum, Sinaj: Berlin, 24.02.1821	Verein für Cultur und Wissenschaft der Juden	Kirschbaum, Elieser Sinai	/ Kirschbaum	/ Kirschbaum	 Sinaj: Berlin, 24.02.1821
1950	Schiff, Hertz Isaac an Verein für Cultur und Wissenschaft der Juden: Altona, 19.02.1822	Verein für Cultur und Wissenschaft der Juden	Schiff, Hertz Isaac	Altona	Altona	 19.02.1822
1951	Unbekannt / Verein für Cultur und Wissenschaft der Juden / Verein für Cultur und Wissenschaft der Juden. Transkription der Briefe der Mappe ARC 4 792/B9					
1953	Wolfers, Philipp an Verein für Cultur und Wissenschaft der Juden / Verein für Cultur und Wissenschaft der Juden: Lemförde, 08.08.1823	Verein für Cultur und Wissenschaft der Juden / Verein für Cultur und Wissenschaft der Juden	Wolfers, Philipp	Lemförde	Lemförde	 08.08.1823
1959	Zunz, Leopold / Verein für Cultur und Wissenschaft der Juden. Verzeichnis der 33 Briefe an den Vorstand des Vereins für Cultur und Wissenschaft der Juden: o.O., o.D.	den Vorstand des Vereins für Cultur und Wissenschaft der Juden	Zunz, Leopold / Verein für Cultur und Wissenschaft der Juden. Verzeichnis der 33 Briefe	o.O.	o.O.	 o.D.
1987	Ackermann, Aron an Liebermann, Felix: Brandenburg, 01.04.1909	Liebermann, Felix	Ackermann, Aron	Brandenburg	Brandenburg	 01.04.1909
1988	Ackermann, Aron an Kuratorium der Zunz-Stiftung: Brandenburg, 30.03.1909	Kuratorium der Zunz-Stiftung	Ackermann, Aron	Brandenburg	Brandenburg	 30.03.1909
1995	Aisenstadt, Samuel an Liebermann, Felix: Borissof, 19.05.1909	Liebermann, Felix	Aisenstadt, Samuel	Borissof	Borissof	 19.05.1909
1996	Aisenstadt, Samuel an Liebermann, Felix: Borissof, 24.04.1909	Liebermann, Felix	Aisenstadt, Samuel	Borissof	Borissof	 24.04.1909
1998	Aisenstadt, Samuel an Liebermann, Felix: Borissof, 04.05.1909	Liebermann, Felix	Aisenstadt, Samuel	Borissof	Borissof	 04.05.1909
2013	Auerbach, Elias an Kuratorium der Zunz-Stiftung: Berlin-Wilmersdorf, 25.02.1919	Kuratorium der Zunz-Stiftung	Auerbach, Elias	Berlin-Wilmersdorf	Berlin-Wilmersdorf	 25.02.1919
2025	Bacher, Wilhelm an Kuratorium der Zunz-Stiftung: o.O., 1895	Kuratorium der Zunz-Stiftung	Bacher, Wilhelm	o.O.	o.O.	1895
2029	Bacher, Wilhelm an Kuratorium der Zunz-Stiftung: o.O., o.D.	Kuratorium der Zunz-Stiftung	Bacher, Wilhelm	o.O.	o.O.	 o.D.
2034	Bacher, Wilhelm / Theodor, Julius. Die Hauptwerk der alten jüdischen Bibelexegese: o.O., 02.03.1912			 o.O.	 o.O.	 02.03.1912
2036	Back, Samuel an Kuratorium der Zunz-Stiftung: Smichow, 10.09.1893	Kuratorium der Zunz-Stiftung	Back, Samuel	Smichow	Smichow	 10.09.1893
2037	Back, Samuel an Kuratorium der Zunz-Stiftung: Prag-Smichov, 26.09.1894	Kuratorium der Zunz-Stiftung	Back, Samuel	Prag-Smichov	Prag-Smichov	 26.09.1894
2038	Back, Samuel an Kuratorium der Zunz-Stiftung: Prag-Smichov, 18.10.1894	Kuratorium der Zunz-Stiftung	Back, Samuel	Prag-Smichov	Prag-Smichov	 18.10.1894
2040	Back, Emanuel / Back, Samuel an Kuratorium der Zunz-Stiftung: Smichow, 05.06.1899	Kuratorium der Zunz-Stiftung	Back, Emanuel / Back, Samuel	Smichow	Smichow	 05.06.1899
2041	Back, Samuel. Einleitung: o.O.			 o.O.	 o.O.	
2042	Bader, Gerschom an Kuratorium der Zunz-Stiftung: Brzeznica, 11.05.1886	Kuratorium der Zunz-Stiftung	Bader, Gerschom	Brzeznica	Brzeznica	 11.05.1886
2043	Baeck, Samuel an Kuratorium der Zunz-Stiftung: Lissa, 10.06.1892	Kuratorium der Zunz-Stiftung	Baeck, Samuel	Lissa	Lissa	 10.06.1892
2044	Baeck, Samuel an Kuratorium der Zunz-Stiftung: Lissa, 10.06.1893	Kuratorium der Zunz-Stiftung	Baeck, Samuel	Lissa	Lissa	 10.06.1893
2045	Baeck, Samuel an Kuratorium der Zunz-Stiftung: Lissa, 26.09.1892	Kuratorium der Zunz-Stiftung	Baeck, Samuel	Lissa	Lissa	 26.09.1892
2046	Baeck, Samuel an Kuratorium der Zunz-Stiftung: Lissa, 22.10.1893	Kuratorium der Zunz-Stiftung	Baeck, Samuel	Lissa	Lissa	 22.10.1893
2079	Baneth, Eduard an Liebermann, Felix: Liptó Szt. Miklós, 25.08.1907	Liebermann, Felix	Baneth, Eduard	Liptó Szt. Miklós	Liptó Szt. Miklós	 25.08.1907
2161	Barol, Moses / Bermann, Berenice / Zunz-Stiftung <Berlin>. Liste von Berenice Beermann erhaltenen Briefen von Familie Beermann: o.O., o.D.			o.O.	o.O.	 o.D.
2188	Ben-Yahuda, Elieser / Buchhandlung Gustav Fock <Leipzig>. Voranzeige : Thesaurus der hebräische Sprache von E. Ben Jehouda: Leipzig, Herbst 1907			Thesaurus der hebräische Sprache von E. Ben Jehouda: Leipzig	Thesaurus der hebräische Sprache von E. Ben Jehouda: Leipzig	 Herbst 1907
2195	Bergmann, Judah an Liebermann, Felix: Frankfurt am der Oder, 27.03.1908	Liebermann, Felix	Bergmann, Judah	Frankfurt am der Oder	Frankfurt am der Oder	 27.03.1908
2215	Bernfeld, Simon. Notiz: o.O., o.D.			 o.O.	 o.O.	 o.D.
2233	Bleichröder, Julius an Unbekannt: / B.: Berlin, 30.01.1887	Unbekannt	Bleichröder, Julius	/ B.: Berlin	/ B.: Berlin	 30.01.1887
2234	Bleichröder, Gerson von an Kuratorium der Zunz-Stiftung: Gütergotz bei Potsdam, 08.08.1874	Kuratorium der Zunz-Stiftung	Bleichröder, Gerson von	Gütergotz bei Potsdam	Gütergotz bei Potsdam	 08.08.1874
2235	Bleichröder, Gerson von / Zunz, Leopold / Kuratorium der Zunz-Stiftung: Zunz, 11.08.1874			 Zunz	 Zunz	 11.08.1874
2236	Bleichröder, Gerson von an Neumann, Salomon / Zunz, Leopold: Gütergotz bei Potsdam, 12.08.1874	Neumann, Salomon / Zunz, Leopold	Bleichröder, Gerson von	Gütergotz bei Potsdam	Gütergotz bei Potsdam	 12.08.1874
2266	Bleichröder, Julius / Bleichröder, Julius. Visiterkarte von Julius Bleichröder: o.O., 21.04.1884			 o.O.	 o.O.	 21.04.1884
2293	Brann, Marcus an Brünn, Siegfried / Zunz, Leopold: o.O., 06.06.1913	Brünn, Siegfried / Zunz, Leopold	Brann, Marcus	o.O.	o.O.	 06.06.1913
2303	Brawer, Abraham J. / Schwarz, Arthur Zacharias an Kuratorium der Zunz-Stiftung: Konstantinopel, 07.02.1917	Kuratorium der Zunz-Stiftung	Brawer, Abraham J. / Schwarz, Arthur Zacharias	Konstantinopel	Konstantinopel	 07.02.1917
2497	Cassel, David an Neumann, Salomon: o.O., 06.09.1874	Neumann, Salomon	Cassel, David	o.O.	o.O.	 06.09.1874
2498	Cassel, David an Neumann, Salomon: o.O., 09.09.1874	Neumann, Salomon	Cassel, David	o.O.	o.O.	 09.09.1874
2520	Cassuto, Umberto an Liebermann, Felix: Florence, 26.02.1909	Liebermann, Felix	Cassuto, Umberto	Florence	Florence	 26.02.1909
2523	Chotzner, Joseph an Neumann, Salomon: Harrow, 24.05.1890	Neumann, Salomon	Chotzner, Joseph	Harrow	Harrow	 24.05.1890
2524	Chotzner, Joseph an Neumann, Salomon: Harrow, 25.05.1890	Neumann, Salomon	Chotzner, Joseph	Harrow	Harrow	 25.05.1890
2557	Dalman, Gustaf an Kuratorium der Zunz-Stiftung: Langeoog, 21.08.1894	Kuratorium der Zunz-Stiftung	Dalman, Gustaf	Langeoog	Langeoog	 21.08.1894
2563	Dalman, Gustaf an Neumann, Salomon / Kuratorium der Zunz-Stiftung: Nässjö, 08.08.1897	Neumann, Salomon / Kuratorium der Zunz-Stiftung	Dalman, Gustaf	Nässjö	Nässjö	 08.08.1897
2579	Duckesz, Eduard an Kuratorium der Zunz-Stiftung: Altona, o.D.	Kuratorium der Zunz-Stiftung	Duckesz, Eduard	Altona	Altona	 o.D.
2597	Eisenberg, Isaac an Kuratorium der Zunz-Stiftung: Töbusch bei Prag, 25.02.1914	Kuratorium der Zunz-Stiftung	Eisenberg, Isaac	Töbusch bei Prag	Töbusch bei Prag	 25.02.1914
2599	Elbogen, Ismar an Kuratorium der Zunz-Stiftung: o.O., 10.03.1914	Kuratorium der Zunz-Stiftung	Elbogen, Ismar	o.O.	o.O.	 10.03.1914
2616	Eppenstein, Simon an Kuratorium der Zunz-Stiftung: Briesen, 15.02.1911	Kuratorium der Zunz-Stiftung	Eppenstein, Simon	Briesen	Briesen	 15.02.1911
2617	Eppenstein, Simon an Kuratorium der Zunz-Stiftung: Briesen, 20.02.1911	Kuratorium der Zunz-Stiftung	Eppenstein, Simon	Briesen	Briesen	 20.02.1911
2618	Eppenstein, Simon an Kuratorium der Zunz-Stiftung: Briesen, 17.07.1896	Kuratorium der Zunz-Stiftung	Eppenstein, Simon	Briesen	Briesen	 17.07.1896
2660	Frankl, Pinkus Fritz / Zunz-Stiftung <Berlin>. B, Liste von Namen: o.O., o.D.			o.O.	o.O.	 o.D.
2716	Friedeberg , ... <Familie> / Abraham, Adolf / Simon, Herman Veit / Friedeberg, Heinrich. Traueranzeige für Heinrich Freideberg: Homburg von der Höhe, August 1892			Homburg von der Höhe	Homburg von der Höhe	 August 1892
2730	Friedmann, M . an Kuratorium der Zunz-Stiftung: Téth bei Raab, 16.02.1898	Kuratorium der Zunz-Stiftung	Friedmann, M .	Téth bei Raab	Téth bei Raab	 16.02.1898
2731	Friedmann, M . an Neumann, Salomon: Téth bei Raab, o.D.	Neumann, Salomon	Friedmann, M .	Téth bei Raab	Téth bei Raab	 o.D.
2759	Funk, Salomon. Die Kompetenz der Gerichtshöfe: o.O., o.D.			 o.O.	 o.O.	 o.D.
2760	Funk, Salomon. Erwiderung, noch einem die Mitgliederzahl der Gerichtshöfe zur Zeit des zweites Tempels: o.O., o.D.			 o.O.	 o.O.	 o.D.
2814	Geiger, Ludwig an Barol, Moses: Schreiberhau, 04.09.1916	Barol, Moses	Geiger, Ludwig	Schreiberhau	Schreiberhau	 04.09.1916
2846	Geiger, Abraham / Zunz, Leopold. Bemerkung von Geiger: o.O., 17.09.1874			 o.O.	 o.O.	 17.09.1874
2851	Geiger, Ludwig / Zunz, Leopold / Geiger, Abraham. Leopold Zunz und Abraham Geiger: Frankfurt am Main, 1916			 Fr	 Fr	
2874	Ginsburger, Moses an Sussnitzki, Alphons J.: Colmar, 18.02.1918	Sussnitzki, Alphons J.	Ginsburger, Moses	Colmar	Colmar	 18.02.1918
2877	Ginsburger, Moses an Minden, Georg: Gebweiler, 28.02.1914	Minden, Georg	Ginsburger, Moses	Gebweiler	Gebweiler	 28.02.1914
2882	Glück, Lajos an Liebermann, Felix: Tolesva, 23.01.1911	Liebermann, Felix	Glück, Lajos	Tolesva	Tolesva	 23.01.1911
2885	Goldberger, Isidor an Kuratorium der Zunz-Stiftung: S.A. Ujhely, 25.04.1907	Kuratorium der Zunz-Stiftung	Goldberger, Isidor	S.A. Ujhely	S.A. Ujhely	 25.04.1907
2886	Goldberger, Isidor an Kuratorium der Zunz-Stiftung: S.A. Ujhely, 28.08.1907	Kuratorium der Zunz-Stiftung	Goldberger, Isidor	S.A. Ujhely	S.A. Ujhely	 28.08.1907
2893	Goldfahn, Sándor Henrik an Neumann, Salomon: Bács-Topolya, 14.02.1892	Neumann, Salomon	Goldfahn, Sándor Henrik	Bács-Topolya	Bács-Topolya	 14.02.1892
2894	Goldfahn, Sándor Henrik an Neumann, Salomon: Bács-Topolya, o.D.	Neumann, Salomon	Goldfahn, Sándor Henrik	Bács-Topolya	Bács-Topolya	 o.D.
2939	Grossmann, Gustav an Neumann, Salomon / Zunz, Leopold / Louis Gerschel Verlagsbuchandlung: Johannesbad, 01.06.1874	Neumann, Salomon / Zunz, Leopold / Louis Gerschel Verlagsbuchandlung	Grossmann, Gustav	Johannesbad	Johannesbad	 01.06.1874
2940	Grossmann, Gustav an Neumann, Salomon / Zunz, Leopold / Louis Gerschel Verlagsbuchandlung: Johannesbad, 05.07.1874	Neumann, Salomon / Zunz, Leopold / Louis Gerschel Verlagsbuchandlung	Grossmann, Gustav	Johannesbad	Johannesbad	 05.07.1874
2977	Grünwald, Moritz an Neumann, Salomon: Pisek, 10.03.1885	Neumann, Salomon	Grünwald, Moritz	Pisek	Pisek	 10.03.1885
3004	"Guttmann, Jacob an Unbekannt: / ""Herr Doctor"": Breslau, 09.11.1900"	Unbekannt	Guttmann, Jacob	"/ ""Herr Doctor"": Breslau"	"/ ""Herr Doctor"": Breslau"	 09.11.1900
3016	Guttmann, Jacob an Rosenthal, Ludwig August: o.O., o.D.	Rosenthal, Ludwig August	Guttmann, Jacob	o.O.	o.O.	 o.D.
3022	Guttmann, Jacob an Kuratorium der Zunz-Stiftung: Johannisbad, 21.07.1907	Kuratorium der Zunz-Stiftung	Guttmann, Jacob	Johannisbad	Johannisbad	 21.07.1907
3023	Guttmann, Jacob an Kuratorium der Zunz-Stiftung: Johannisbad, 12.07.1907	Kuratorium der Zunz-Stiftung	Guttmann, Jacob	Johannisbad	Johannisbad	 12.07.1907
3046	Güdemann, Moritz / Frankl, Pinkus Fritz an Steinschneider, Moritz: Baden, 23.06.1884	Steinschneider, Moritz	Güdemann, Moritz / Frankl, Pinkus Fritz	Baden	Baden	 23.06.1884
3049	Günzig, Israel an Zunz-Stiftung <Berlin>: Loschitz, 05.02.1903	Zunz-Stiftung <Berlin>	Günzig, Israel	Loschitz	Loschitz	 05.02.1903
3050	Günzig, Israel an Kuratorium der Zunz-Stiftung: Loschitz, 06.02.1903	Kuratorium der Zunz-Stiftung	Günzig, Israel	Loschitz	Loschitz	 06.02.1903
3051	Günzig, Israel an Kuratorium der Zunz-Stiftung: Loschitz, 10.12.1902	Kuratorium der Zunz-Stiftung	Günzig, Israel	Loschitz	Loschitz	 10.12.1902
3059	Haller, S. an Kuratorium der Zunz-Stiftung: Unterach am Attersee, 29.07.1886	Kuratorium der Zunz-Stiftung	Haller, S.	Unterach am Attersee	Unterach am Attersee	 29.07.1886
3067	Hamburger, Jacob an Neumann, Salomon: Strelitz, 29.08.1888	Neumann, Salomon	Hamburger, Jacob	Strelitz	Strelitz	 29.08.1888
3068	Hamburger, Jacob an Kuratorium der Zunz-Stiftung: Strelitz, 20.10.1890	Kuratorium der Zunz-Stiftung	Hamburger, Jacob	Strelitz	Strelitz	 20.10.1890
3091	Hirsch, J. (Rabbiner) an Kuratorium der Zunz-Stiftung: Prag-Karolinenthal, 1898	Kuratorium der Zunz-Stiftung	Hirsch, J. (Rabbiner)	Prag-Karolinenthal	Prag-Karolinenthal	1898
3095	Hirschfeld, L. an Neumann, Salomon: Ostrowo, 26.06.1892	Neumann, Salomon	Hirschfeld, L.	Ostrowo	Ostrowo	 26.06.1892
3096	Hirschfeld, L. an Neumann, Salomon: Ostrowo, 26.06.1892	Neumann, Salomon	Hirschfeld, L.	Ostrowo	Ostrowo	 26.06.1892
3097	Hirschfeld, L. an Kuratorium der Zunz-Stiftung: Ostrowo, 09.08.1892	Kuratorium der Zunz-Stiftung	Hirschfeld, L.	Ostrowo	Ostrowo	 09.08.1892
3098	Hoffmann, Moses an Kuratorium der Zunz-Stiftung: Randegg, 02.01.1911	Kuratorium der Zunz-Stiftung	Hoffmann, Moses	Randegg	Randegg	 02.01.1911
3099	Hoffmann, Moses an Kuratorium der Zunz-Stiftung: Randegg, 12.07.1911	Kuratorium der Zunz-Stiftung	Hoffmann, Moses	Randegg	Randegg	 12.07.1911
3100	Hoffmann, Moses an Zunz-Stiftung <Berlin>: Randegg, 12.07.1911	Zunz-Stiftung <Berlin>	Hoffmann, Moses	Randegg	Randegg	 12.07.1911
3101	Hoffmann, Moses / Zunz-Stiftung <Berlin>. Quittung: Randegg, 17.07.1911			Randegg	Randegg	 17.07.1911
3102	Holzman, M. an Kuratorium der Zunz-Stiftung: 30.06.1903	Kuratorium der Zunz-Stiftung	Holzman, M.	30.06.1903	30.06.1903	
3103	Holzman, M. an Liebermann, Felix: 28.10.1903	Liebermann, Felix	Holzman, M.	28.10.1903	28.10.1903	
3107	Holzmann, Michael an Liebermann, Felix / Brünn, Siegfried / Elbogen, Ismar: o.O., 30.01.1913	Liebermann, Felix / Brünn, Siegfried / Elbogen, Ismar	Holzmann, Michael	o.O.	o.O.	 30.01.1913
3108	Holzmann an Kuratorium der Zunz-Stiftung: o.O., 15.01.1926	Kuratorium der Zunz-Stiftung	Holzmann	o.O.	o.O.	 15.01.1926
3113	"Holzmann, Michael / Ben-Yahuda, Elieser. Gutachten von Michael Holzman über ""Dictionnaire de la langue hébraique ancienne et moderne"" von Eliezer Ben-Jehouda: o.O., o.D."			o.O.	o.O.	 o.D.
3116	Hommel, Eberhard an Elbogen, Ismar / Kuratorium der Zunz-Stiftung: Burtenbach, 14.10.1920	Elbogen, Ismar / Kuratorium der Zunz-Stiftung	Hommel, Eberhard	Burtenbach	Burtenbach	 14.10.1920
3117	Hommel, Eberhard an Wassermann, Oskar / Kuratorium der Zunz-Stiftung: Schönblick bei Schwäbisch Gmünd, 10.01.1921	Wassermann, Oskar / Kuratorium der Zunz-Stiftung	Hommel, Eberhard	Schönblick bei Schwäbisch Gmünd	Schönblick bei Schwäbisch Gmünd	 10.01.1921
3118	"Hommel, Eberhard / Hommel, Eberhard. Anmeldung für Eberhard Hommels Buch ""Untersuchung zur hebräischen Lautlehre"": o.O., 1919"			 o.O.	 o.O.	 1919
3156	Jellinek, Adolph an Liebermann, Felix: Baden, 05.09.1889	Liebermann, Felix	Jellinek, Adolph	Baden	Baden	 05.09.1889
3216	Kaufmann, David an Kuratorium der Zunz-Stiftung: Kojetein, 02.07.1889	Kuratorium der Zunz-Stiftung	Kaufmann, David	Kojetein	Kojetein	 02.07.1889
3224	Kaufmann, David an Neumann, Salomon / Back, Samuel: Karlsbad, 03.08.1893	Neumann, Salomon / Back, Samuel	Kaufmann, David	Karlsbad	Karlsbad	 03.08.1893
3225	Kaufmann, David / Bacharach, Jakob ben Mose an Kuratorium der Zunz-Stiftung: Karlsbad, 27.06.1894	Kuratorium der Zunz-Stiftung	Kaufmann, David / Bacharach, Jakob ben Mose	Karlsbad	Karlsbad	 27.06.1894
3226	Kaufmann, David an Liebermann, Felix / Bacharach, Jakob ben Mose: Karlsbad, 02.07.1894	Liebermann, Felix / Bacharach, Jakob ben Mose	Kaufmann, David	Karlsbad	Karlsbad	 02.07.1894
3233	Kaufmann, David an Neumann, Salomon: Karlsbad, 19.07.1898	Neumann, Salomon	Kaufmann, David	Karlsbad	Karlsbad	 19.07.1898
3251	Kayserling, Meyer. Liste von der Biblioteca espanola-portugueza Judaica: o.O.			o.O.	o.O.	
3254	Kiefe, Dora an Elbogen, Ismar: Berlin-Dahlem, 23.03.1936	Elbogen, Ismar	Kiefe, Dora	Berlin-Dahlem	Berlin-Dahlem	 23.03.1936
3269	Kirschstein, Moritz an Neumann, Salomon: o.O., 06.08.1872	Neumann, Salomon	Kirschstein, Moritz	o.O.	o.O.	 06.08.1872
3277	Kirschstein, Moritz an Steinschneider, Moritz: o.O., o.D.	Steinschneider, Moritz	Kirschstein, Moritz	o.O.	o.O.	 o.D.
3299	Kirschstein, Moritz / Geiger, Abraham / Lazarus, Moritz. Notizen über Abraham Geiger und Moritz Lazarus: o.O., 17.09.1874			 o.O.	 o.O.	 17.09.1874
3307	Klein, Samuel an Kuratorium der Zunz-Stiftung: Tuzla, 22.03.1910	Kuratorium der Zunz-Stiftung	Klein, Samuel	Tuzla	Tuzla	 22.03.1910
3308	Klein, Samuel an Liebermann, Felix: Tuzla, 18.09.1910	Liebermann, Felix	Klein, Samuel	Tuzla	Tuzla	 18.09.1910
3309	Klein, Samuel an Kuratorium der Zunz-Stiftung: Nové Zámky, 05.01.1919	Kuratorium der Zunz-Stiftung	Klein, Samuel	Nové Zámky	Nové Zámky	 05.01.1919
3310	Klein, Samuel an Kuratorium der Zunz-Stiftung: Nové Zámky, 16.03.1921	Kuratorium der Zunz-Stiftung	Klein, Samuel	Nové Zámky	Nové Zámky	 16.03.1921
3312	Klein, Samuel an Kuratorium der Zunz-Stiftung: Érse Kújvár, o.D.	Kuratorium der Zunz-Stiftung	Klein, Samuel	Érse Kújvár	Érse Kújvár	 o.D.
3313	Klein, Samuel an Sussnitzki, Alphons J.: Érse Kújvár, 23.04.1918	Sussnitzki, Alphons J.	Klein, Samuel	Érse Kújvár	Érse Kújvár	 23.04.1918
3314	Klein, Samuel an Kuratorium der Zunz-Stiftung: Érse Kújvár, 31.05.1918	Kuratorium der Zunz-Stiftung	Klein, Samuel	Érse Kújvár	Érse Kújvár	 31.05.1918
3317	Kluge, Walter / Zunz-Stiftung <Berlin>. Aufstellung für die Zunzstiftung: o.O., o.D.			 o.O.	 o.O.	 o.D.
3325	Kobner, Moritz / Samtheym, ... / Brüll, Nehemias / Baerwald, Hermann / Graetzer, Jonas / Jellinek, Adolph / Kuratorium der Zunz-Stiftung / S. Friedeberg Söhne. sieben Quittungen: Leipzig;Hannover;Frankfurt am Main;Breslau;Wien, 1875			Leipzig;Hannover;Frankfurt am Main;Breslau;Wien	Leipzig;Hannover;Frankfurt am Main;Breslau;Wien	1875
3328	Kohn, ... (Rabbiner) an Neumann, Salomon: Jnowrazlaw, 03.09.1886	Neumann, Salomon	Kohn, ... (Rabbiner)	Jnowrazlaw	Jnowrazlaw	 03.09.1886
3353	Kuk, Avraham Yitshak ha-Kohen / Berlin, Chaim / Bacher, Wilhelm / Dalman, Gustaf / Lûns, Avraham Mose. Gutachten für Abraham Moses Luncz: o.O., o.D.			o.O.	o.O.	 o.D.
3383	Landau, E . an Neumann, Salomon / Kuratorium der Zunz-Stiftung: Weilburg a.d. Lahn, 14.09.1894	Neumann, Salomon / Kuratorium der Zunz-Stiftung	Landau, E .	Weilburg a.d. Lahn	Weilburg a.d. Lahn	 14.09.1894
3384	Landau, Richard an Neumann, Salomon: Frankenberg, 02.06.1895	Neumann, Salomon	Landau, Richard	Frankenberg	Frankenberg	 02.06.1895
3385	Landau, Richard an Neumann, Salomon: Frankenberg, 13.06.1895	Neumann, Salomon	Landau, Richard	Frankenberg	Frankenberg	 13.06.1895
3386	Landau, Richard an Neumann, Salomon: Frankenberg, 09.08.1895	Neumann, Salomon	Landau, Richard	Frankenberg	Frankenberg	 09.08.1895
3418	Lazarus, Moritz an Neumann, Salomon: Meran, 29.09.1902	Neumann, Salomon	Lazarus, Moritz	Meran	Meran	 29.09.1902
3419	Lazarus, Moritz an Barol, Moses: Meran, 10.12.1901	Barol, Moses	Lazarus, Moritz	Meran	Meran	 10.12.1901
3421	Lazarus, Nahida Ruth an Kuratorium der Zunz-Stiftung: Meran, 18.09.1924	Kuratorium der Zunz-Stiftung	Lazarus, Nahida Ruth	Meran	Meran	 18.09.1924
3430	Lazarus, Moritz an Liebermann, Felix: Merano, 09.10.1899	Liebermann, Felix	Lazarus, Moritz	Merano	Merano	 09.10.1899
3431	Lazarus, Moritz an Liebermann, Felix: Meran, 17.10.1899	Liebermann, Felix	Lazarus, Moritz	Meran	Meran	 17.10.1899
3432	Lazarus, Moritz an Kuratorium der Zunz-Stiftung: Meran, 19.11.1902	Kuratorium der Zunz-Stiftung	Lazarus, Moritz	Meran	Meran	 19.11.1902
3433	Lazarus, Moritz an Neumann, Salomon: Schönefeld bei Leipzig, 04.08.1874	Neumann, Salomon	Lazarus, Moritz	Schönefeld bei Leipzig	Schönefeld bei Leipzig	 04.08.1874
3434	Lazarus, Moritz an Neumann, Salomon: Schönefeld bei Leipzig, 06.08.1874	Neumann, Salomon	Lazarus, Moritz	Schönefeld bei Leipzig	Schönefeld bei Leipzig	 06.08.1874
3442	Lazarus, Moritz an Steinschneider, Moritz: Schönefeld bei Leipzig, 20.06.1888	Steinschneider, Moritz	Lazarus, Moritz	Schönefeld bei Leipzig	Schönefeld bei Leipzig	 20.06.1888
3454	Lazarus, Moritz an Bacher, Wilhelm: Schönefeld bei Leipzig, 07.09.1891	Bacher, Wilhelm	Lazarus, Moritz	Schönefeld bei Leipzig	Schönefeld bei Leipzig	 07.09.1891
3455	Lazarus, Moritz an Liebermann, Felix: Schönefeld bei Leipzig, 29.09.1896	Liebermann, Felix	Lazarus, Moritz	Schönefeld bei Leipzig	Schönefeld bei Leipzig	 29.09.1896
3467	Lazarus, Moritz / Zunz-Stiftung <Berlin>. Rundschreiben (P.P.): o.O., 25.05.1888			 o.O.	 o.O.	 25.05.1888
3469	Lazarus, Moritz / Zunz-Stiftung <Berlin>. Votum über die jährigen (1902) Gesuche an die Zunz-Stiftung: o.O., 1902	die Zunz-Stiftung	Lazarus, Moritz / Zunz-Stiftung <Berlin>. Votum über die jährigen (1902) Gesuche	o.O.	o.O.	1902
3476	"Lerner, Meier an ""Lieber Freund"": Altona, 04.02.1916"	"""Lieber Freund"""	Lerner, Meier	Altona	Altona	 04.02.1916
3482	Levy, S. an Neumann, Salomon: o.O., o.D.	Neumann, Salomon	Levy, S.	o.O.	o.O.	 o.D.
3499	Lewin, Louis an Kuratorium der Zunz-Stiftung: Pinne, 02.02.1902	Kuratorium der Zunz-Stiftung	Lewin, Louis	Pinne	Pinne	 02.02.1902
3500	Lewin, Louis an Kuratorium der Zunz-Stiftung: Pinne, 03.02.1903	Kuratorium der Zunz-Stiftung	Lewin, Louis	Pinne	Pinne	 03.02.1903
3506	Liebermann, Felix / L. Schwager & D. Fränkel: Husiatyn, 09.03.1910			Husiatyn	Husiatyn	 09.03.1910
3557	Liebermann, Felix an Wissenschaftlicher Beirat der Zunz-Stiftung: / Beirat der Zunz-Stiftung: Berlin, 11.08.1905	Wissenschaftlicher Beirat der Zunz-Stiftung	Liebermann, Felix	/ Beirat der Zunz-Stiftung: Berlin	/ Beirat der Zunz-Stiftung: Berlin	 11.08.1905
3558	Liebermann, Felix an Unbekannt: / Herr Doctor: Berlin, 08.12.1905	Unbekannt	Liebermann, Felix	/ Herr Doctor: Berlin	/ Herr Doctor: Berlin	 08.12.1905
3563	Liebermann, Felix / Preußen / Polizeipräsidium <Berlin>: / Polizei-Präsident: Berlin, 08.01.1910			/ Polizei-Präsident: Berlin	/ Polizei-Präsident: Berlin	 08.01.1910
3566	Liebermann, Felix an Unbekannt: / Verehrter Freund: Berlin, 21.10.1911	Unbekannt	Liebermann, Felix	/ Verehrter Freund: Berlin	/ Verehrter Freund: Berlin	 21.10.1911
3568	Liebermann, Felix an Wissenschaftlicher Beirat der Zunz-Stiftung: / Beirat der Zunz-Stiftung: Berlin, 27.03.1912	Wissenschaftlicher Beirat der Zunz-Stiftung	Liebermann, Felix	/ Beirat der Zunz-Stiftung: Berlin	/ Beirat der Zunz-Stiftung: Berlin	 27.03.1912
3569	Liebermann, Felix an Wissenschaftlicher Beirat der Zunz-Stiftung: / Beirat der Zunz-Stiftung: Berlin, 03.03.1913	Wissenschaftlicher Beirat der Zunz-Stiftung	Liebermann, Felix	/ Beirat der Zunz-Stiftung: Berlin	/ Beirat der Zunz-Stiftung: Berlin	 03.03.1913
3593	Liebermann, Felix an Brünn, Siegfried / Simon, Herman Veit: o.O., o.D.	Brünn, Siegfried / Simon, Herman Veit	Liebermann, Felix	o.O.	o.O.	 o.D.
3680	Liebermann, Felix an Barol, Moses: o.O., 28.03.1806	Barol, Moses	Liebermann, Felix	o.O.	o.O.	 28.03.1806
3709	Liebermann, Felix an Barol, Moses: o.O., o.D.	Barol, Moses	Liebermann, Felix	o.O.	o.O.	 o.D.
3710	Liebermann, Felix an Barol, Moses: o.O., o.D.	Barol, Moses	Liebermann, Felix	o.O.	o.O.	 o.D.
3711	Liebermann, Felix an Barol, Moses: o.O., o.D.	Barol, Moses	Liebermann, Felix	o.O.	o.O.	 o.D.
3722	Liebermann, Felix an Neumann, Salomon: o.O., o.D.	Neumann, Salomon	Liebermann, Felix	o.O.	o.O.	 o.D.
3723	Liebermann, Felix / Simon, Herman Veit an Unbekannt: o.O., 29.12.1907	Unbekannt	Liebermann, Felix / Simon, Herman Veit	o.O.	o.O.	 29.12.1907
4011	Loewenthal, A. (Rabbiner). Inhalt-Verzeichnis: o.O., o.D.			 o.O.	 o.O.	 o.D.
4014	Loewy, Albert an Neumann, Salomon: Windsor, 11.04.1875	Neumann, Salomon	Loewy, Albert	Windsor	Windsor	 11.04.1875
4016	Loewy, Albert an Neumann, Salomon / Mocatta, Frederick David: o.O., 1875	Neumann, Salomon / Mocatta, Frederick David	Loewy, Albert	o.O.	o.O.	1875
4028	Löwenstein, Jakob an Kuratorium der Zunz-Stiftung: Gailingein, 13.07.1886	Kuratorium der Zunz-Stiftung	Löwenstein, Jakob	Gailingein	Gailingein	 13.07.1886
4032	Löwenstein, Josef an Kuratorium der Zunz-Stiftung: Chrast bei Chrudim, 15.06.1898	Kuratorium der Zunz-Stiftung	Löwenstein, Josef	Chrast bei Chrudim	Chrast bei Chrudim	 15.06.1898
4033	Löwenstein, Josef an Kuratorium der Zunz-Stiftung: Chrast bei Chrudim, 01.11.1898	Kuratorium der Zunz-Stiftung	Löwenstein, Josef	Chrast bei Chrudim	Chrast bei Chrudim	 01.11.1898
4036	Löwy, Sandor an Kuratorium der Zunz-Stiftung: Fürth, 27.02.1910	Kuratorium der Zunz-Stiftung	Löwy, Sandor	Fürth	Fürth	 27.02.1910
4057	Mandl, Simon an Kuratorium der Zunz-Stiftung: Kostel, 05.07.1898	Kuratorium der Zunz-Stiftung	Mandl, Simon	Kostel	Kostel	 05.07.1898
4059	Mannheimer, Moses an Kuratorium der Zunz-Stiftung: Darmtadt, 18.07.1887	Kuratorium der Zunz-Stiftung	Mannheimer, Moses	Darmtadt	Darmtadt	 18.07.1887
4062	"Mannheimer, Moses / Mannheimer, Moses. Einladung zur Subskription für ""Die Judenverfolgungen in Speyer, Worms und Mainz in Jahre 1096 während des ersten Kreuzzuges"": o.O., o.D."			o.O.	o.O.	 o.D.
4063	Marcous, Abraham an Liebermann, Felix: Cairo, 23.02.1908	Liebermann, Felix	Marcous, Abraham	Cairo	Cairo	 23.02.1908
4120	Meier an Unbekannt: / Adr. Werther Freund und College: Berlin, 23.06.1864	Unbekannt	Meier	/ Adr. Werther Freund und College: Berlin	/ Adr. Werther Freund und College: Berlin	 23.06.1864
4121	Meier an Unbekannt: / Adr. Werther Freund und College: Berlin, 21.06.1864	Unbekannt	Meier	/ Adr. Werther Freund und College: Berlin	/ Adr. Werther Freund und College: Berlin	 21.06.1864
4133	Meyer, Elsbeth an Liebermann, Felix: o.O., 11.03.1905	Liebermann, Felix	Meyer, Elsbeth	o.O.	o.O.	 11.03.1905
4136	Meyer, Samuel / Zunz-Stiftung <Berlin>. Abschnitt mit Text von Samuel Meyer: Hannover, 21.01.1877			 H	 H	
4171	Müller, Gabriel an Neumann, Salomon: Mallersdorf, 25.02.1887	Neumann, Salomon	Müller, Gabriel	Mallersdorf	Mallersdorf	 25.02.1887
4172	Müller, Gabriel an Kuratorium der Zunz-Stiftung: Mallersdorf, 05.08.1887	Kuratorium der Zunz-Stiftung	Müller, Gabriel	Mallersdorf	Mallersdorf	 05.08.1887
4173	Müller, Gabriel an Neumann, Salomon: o.O., 16.10.1887	Neumann, Salomon	Müller, Gabriel	o.O.	o.O.	 16.10.1887
4185	Neufeld, Siegbert an Kuratorium der Zunz-Stiftung: Breisen, 06.02.1918	Kuratorium der Zunz-Stiftung	Neufeld, Siegbert	Breisen	Breisen	 06.02.1918
4265	Neumann, Salomon an Preußen / Polizeipräsidium <Berlin>: / Königliches Polizei-Präsidium: Berlin, 1887	Preußen / Polizeipräsidium <Berlin>	Neumann, Salomon	/ Königliches Polizei-Präsidium: Berlin	/ Königliches Polizei-Präsidium: Berlin	1887
4376	Neumann, Salomon an Steinschneider, Moritz: Gurnigel bei Bern, 30.08.1886	Steinschneider, Moritz	Neumann, Salomon	Gurnigel bei Bern	Gurnigel bei Bern	 30.08.1886
4396	Neumann, Salomon an Steinschneider, Moritz: Murnau, 02.09.1888	Steinschneider, Moritz	Neumann, Salomon	Murnau	Murnau	 02.09.1888
4416	Neumann, Salomon an Steinschneider, Moritz: o.O., 14.08.1888	Steinschneider, Moritz	Neumann, Salomon	o.O.	o.O.	 14.08.1888
4460	Neumann, Salomon / Universal Israelite Alliance: Tatar Bazardjik, 06.02.1894			Tatar Bazardjik	Tatar Bazardjik	 06.02.1894
4462	Neumann, Salomon / Universal Israelite Alliance: Tatar Bazardjik, 25.01.1894			Tatar Bazardjik	Tatar Bazardjik	 25.01.1894
4484	Neumann, Salomon / Kuratorium der Zunz-Stiftung. Adressen für Ehrensitzung: o.O., o.D.			o.O.	o.O.	 o.D.
4508	Neumann, Salomon / Abraham, Adolf / Kuratorium der Zunz-Stiftung / Kuratorium der Zunz-Stiftung / Zunz-Stiftung <Berlin>. Bekanntmachung der Zunz-Stiftung: o.O., 17.04.1886			o.O.	o.O.	 17.04.1886
4531	Neumann, Salomon / Zunz, Leopold / Frankl, Pinkus Fritz / Steinschneider, Moritz. Betreffend die Zunz-Jubelschrift: nach Verabredung mit den Herren Dr. Frankl und Steinschneider...: Berlin, 22.06.1884			nach Verabredung mit den Herren Dr. Frankl und Steinschneider...: Berlin	nach Verabredung mit den Herren Dr. Frankl und Steinschneider...: Berlin	 22.06.1884
4538	"Neumann, Salomon / Zunz, Leopold. Ein Text über die ""Gesammelten Schriften"" von Leopold Zunz, Band I: o.O., o.D."			o.O.	o.O.	 o.D.
4539	"Neumann, Salomon / Zunz, Leopold. Ein Text über die ""Gesammelten Schriften"" von Leopold Zunz, Band I: o.O., o.D."			o.O.	o.O.	 o.D.
4569	Neumann, Salomon / Kuratorium der Zunz-Stiftung. Namenliste: o.O., o.D.			o.O.	o.O.	 o.D.
4576	"Neumann, Salomon / Zunz, Leopold. Notizen über Leopold Zunz ""Gesammelte Schriften"": o.O., o.D."			o.O.	o.O.	 o.D.
4633	Neumann, Salomon / Zunz-Stiftung <Berlin>. Subscribenten zur Zunzstiftung, eine Liste: o.O., o.D.			o.O.	o.O.	 o.D.
4677	Noiré, Ludwig / Delitzsch, Franz / Rosenthal, Ludwig August. Zitaten über Rabbiner Ludwig Rosenthal aus den Briefen von Prof. Ludwig Noire aus Mainz und Prof. Franz Delitzsch: Mainz;Leipzig, 31.10.1879-23.04.1885			Mainz;Leipzig	Mainz;Leipzig	 31.10.1879-23.04.1885
4678	Nossig, Alfred an Türkiye / Generalkonsulat <Berlin>: Schwarzbach bei Thüsberg, 20.08.1917	Türkiye / Generalkonsulat <Berlin>	Nossig, Alfred	Schwarzbach bei Thüsberg	Schwarzbach bei Thüsberg	 20.08.1917
4679	Nossig, Alfred an Sussnitzki, Alphons J.: Schwarzbach bei Thüsberg, 20.08.1917	Sussnitzki, Alphons J.	Nossig, Alfred	Schwarzbach bei Thüsberg	Schwarzbach bei Thüsberg	 20.08.1917
4684	Ochser, Sch. an Liebermann, Felix: Kuttenplan, 02.12.1909	Liebermann, Felix	Ochser, Sch.	Kuttenplan	Kuttenplan	 02.12.1909
4721	Poznanski, Samuel Abraham. Visitenkarte von Samuel Poznanski: o.O., o.D.			o.O.	o.O.	 o.D.
4726	Rapaport, Mordché Wolf an Liebermann, Felix: Stryj, 30.06.1911	Liebermann, Felix	Rapaport, Mordché Wolf	Stryj	Stryj	 30.06.1911
4727	Rapaport, Mordché Wolf an Liebermann, Felix: Stryj, 05.02.1911	Liebermann, Felix	Rapaport, Mordché Wolf	Stryj	Stryj	 05.02.1911
4744	Rawicz, Meir an Unbekannt: Schmieheim, 20.02.1888	Unbekannt	Rawicz, Meir	Schmieheim	Schmieheim	 20.02.1888
4745	Rawicz, Meir an Unbekannt: Schmieheim, 16.04.1888	Unbekannt	Rawicz, Meir	Schmieheim	Schmieheim	 16.04.1888
4746	Rawicz, Meir an Unbekannt: Schmieheim, 14.10.1888	Unbekannt	Rawicz, Meir	Schmieheim	Schmieheim	 14.10.1888
4747	Rawicz, Meir an Kuratorium der Zunz-Stiftung: Offenburg, 06.07.1896	Kuratorium der Zunz-Stiftung	Rawicz, Meir	Offenburg	Offenburg	 06.07.1896
4774	Rosenthal, Karl an Zunz-Stiftung <Berlin>: Hörde i/W, 26.04.1925	Zunz-Stiftung <Berlin>	Rosenthal, Karl	Hörde i/W	Hörde i/W	 26.04.1925
4777	Rosenthal, Ludwig August an Neumann, Salomon: Preußisch Stargant, 11.10.1902	Neumann, Salomon	Rosenthal, Ludwig August	Preußisch Stargant	Preußisch Stargant	 11.10.1902
4784	Rosenthal, Ludwig August an Kuratorium der Zunz-Stiftung: o.O., 1893	Kuratorium der Zunz-Stiftung	Rosenthal, Ludwig August	o.O.	o.O.	1893
4800	Rothschild, David an Kuratorium der Zunz-Stiftung: Burtscheid-Aachen, 26.07.1891	Kuratorium der Zunz-Stiftung	Rothschild, David	Burtscheid-Aachen	Burtscheid-Aachen	 26.07.1891
4802	Russak, Joseph an Reichenheim, Leonor: Labiszynek bei Gnesen, 19.07.1864	Reichenheim, Leonor	Russak, Joseph	Labiszynek bei Gnesen	Labiszynek bei Gnesen	 19.07.1864
4810	Sachs, Ignaz an Kuratorium der Zunz-Stiftung: Neugedein, 07.07.1889	Kuratorium der Zunz-Stiftung	Sachs, Ignaz	Neugedein	Neugedein	 07.07.1889
4811	Sachs, Ignaz an Kuratorium der Zunz-Stiftung: Neugedein, 08.07.1889	Kuratorium der Zunz-Stiftung	Sachs, Ignaz	Neugedein	Neugedein	 08.07.1889
4819	Salomon, F. an Liebermann, Felix: Lauenburg, 29.09.1809	Liebermann, Felix	Salomon, F.	Lauenburg	Lauenburg	 29.09.1809
4820	Salomon, F. an Liebermann, Felix: Lauenburg, 02.10.1908	Liebermann, Felix	Salomon, F.	Lauenburg	Lauenburg	 02.10.1908
4837	Schechter, Salomon an Kuratorium der Zunz-Stiftung: Cambridge, 18.12.1898	Kuratorium der Zunz-Stiftung	Schechter, Salomon	Cambridge	Cambridge	 18.12.1898
4838	Schechter, Salomon / Lehmann, Paul. Liste - abgesendet durch Paul Lehmann an Salomon Schechter in London: o.O., o.D.	Salomon Schechter in London	Schechter, Salomon / Lehmann, Paul. Liste - abgesendet durch Paul Lehmann	o.O.	o.O.	 o.D.
4839	Scherbel, Simon an Neumann, Salomon: Lissa, 12.05.1886	Neumann, Salomon	Scherbel, Simon	Lissa	Lissa	 12.05.1886
4856	Schlesinger, Lipót an Kuratorium der Zunz-Stiftung: Padé, 27.12.1909	Kuratorium der Zunz-Stiftung	Schlesinger, Lipót	Padé	Padé	 27.12.1909
4859	Schlesinger, Lipót an Liebermann, Felix: Padé, o.D.	Liebermann, Felix	Schlesinger, Lipót	Padé	Padé	 o.D.
4860	Schlesinger, Lipót an Kuratorium der Zunz-Stiftung: Padé, 23.03.1908	Kuratorium der Zunz-Stiftung	Schlesinger, Lipót	Padé	Padé	 23.03.1908
4861	Schlesinger, Lipót an Liebermann, Felix: Padé, o.D.	Liebermann, Felix	Schlesinger, Lipót	Padé	Padé	 o.D.
4862	Schmidt, Carl an Neumann, Salomon: Colmar, 10.08.1886	Neumann, Salomon	Schmidt, Carl	Colmar	Colmar	 10.08.1886
4873	Schreiner, Martin / Krauss, Samuel. Bericht: o.O., 1896			 o.O.	 o.O.	 1896
4881	Schück, Salomon H. an Liebermann, Felix: o.O., 1909	Liebermann, Felix	Schück, Salomon H.	o.O.	o.O.	1909
4882	Schück, Salomon H. an Liebermann, Felix: Karczag, 26.02.1909	Liebermann, Felix	Schück, Salomon H.	Karczag	Karczag	 26.02.1909
4896	Servi, Flaminio Ephraim an Neumann, Salomon: Casal, 23.05.1886	Neumann, Salomon	Servi, Flaminio Ephraim	Casal	Casal	 23.05.1886
4900	Silberberg, Moritz an Kuratorium der Zunz-Stiftung: Benthen, 27.11.1894	Kuratorium der Zunz-Stiftung	Silberberg, Moritz	Benthen	Benthen	 27.11.1894
4901	Silberberg, Moritz an Kuratorium der Zunz-Stiftung: Benthen, 11.04.1895	Kuratorium der Zunz-Stiftung	Silberberg, Moritz	Benthen	Benthen	 11.04.1895
4902	Silberstein, Siegfried an Liebermann, Felix: Elbing, 30.03.1910	Liebermann, Felix	Silberstein, Siegfried	Elbing	Elbing	 30.03.1910
4916	Simon, Herman Veit an Neumann, Salomon: Rigi-Kaltbad, 26.07.1890	Neumann, Salomon	Simon, Herman Veit	Rigi-Kaltbad	Rigi-Kaltbad	 26.07.1890
4958	Stein, A. an Neumann, Salomon: Radnitz, 24.02.1898	Neumann, Salomon	Stein, A.	Radnitz	Radnitz	 24.02.1898
4959	Stein, Abraham an Neumann, Salomon: Radnitz, 26.12.1897	Neumann, Salomon	Stein, Abraham	Radnitz	Radnitz	 26.12.1897
4960	Stein, Abraham an Neumann, Salomon: Radnitz, 01.09.1898	Neumann, Salomon	Stein, Abraham	Radnitz	Radnitz	 01.09.1898
4961	Steinem, F. an Unbekannt: Thüringen, 29.04.1907	Unbekannt	Steinem, F.	Thüringen	Thüringen	 29.04.1907
4962	Steiner, Ignatz an Kuratorium der Zunz-Stiftung: Léva, o.D.	Kuratorium der Zunz-Stiftung	Steiner, Ignatz	Léva	Léva	 o.D.
4963	Steiner, Ignatz an Kuratorium der Zunz-Stiftung: Léva, 10.08.1897	Kuratorium der Zunz-Stiftung	Steiner, Ignatz	Léva	Léva	 10.08.1897
4968	Steinherz, Jakab an Simon, Herman Veit: Székesfehérvár, 1911	Simon, Herman Veit	Steinherz, Jakab	Székesfehérvár	Székesfehérvár	1911
4969	Steinherz, Jakab an Kuratorium der Zunz-Stiftung: Székesfehérvár, 03.03.1915	Kuratorium der Zunz-Stiftung	Steinherz, Jakab	Székesfehérvár	Székesfehérvár	 03.03.1915
4970	Steinherz, Jakab an Kuratorium der Zunz-Stiftung: Székesfehérvár, 15.08.1915	Kuratorium der Zunz-Stiftung	Steinherz, Jakab	Székesfehérvár	Székesfehérvár	 15.08.1915
4984	Steinschneider, Moritz an Neumann, Salomon: o.O., 22.03.1888	Neumann, Salomon	Steinschneider, Moritz	o.O.	o.O.	 22.03.1888
5000	Steinschneider, Moritz an Neumann, Salomon: o.O., 22.01.1875	Neumann, Salomon	Steinschneider, Moritz	o.O.	o.O.	 22.01.1875
5001	Steinschneider, Moritz an Neumann, Salomon: o.O., 17.12.1875	Neumann, Salomon	Steinschneider, Moritz	o.O.	o.O.	 17.12.1875
5015	Steinschneider, Moritz an Neumann, Salomon: o.O., 29.06.1886	Neumann, Salomon	Steinschneider, Moritz	o.O.	o.O.	 29.06.1886
5022	Steinschneider, Moritz an Neumann, Salomon: o.O., 02.05.1887	Neumann, Salomon	Steinschneider, Moritz	o.O.	o.O.	 02.05.1887
5034	Steinschneider, Moritz / Malter, Henry. Gutachten für Heinrich Malter: o.O., o.D.			 o.O.	 o.O.	 o.D.
5064	Sternberger, Josef an Neumann, Salomon / Kuratorium der Zunz-Stiftung: Altona, 03.08.1887	Neumann, Salomon / Kuratorium der Zunz-Stiftung	Sternberger, Josef	Altona	Altona	 03.08.1887
5065	Strack, Hermann L. an Kuratorium der Zunz-Stiftung: Großlichterfelde, 01.07.1895	Kuratorium der Zunz-Stiftung	Strack, Hermann L.	Großlichterfelde	Großlichterfelde	 01.07.1895
5066	Strack, Hermann L.. Gutachten für eine neue Ausgabe des babylonischen Talmud: Großlichterfelde, 1895			Großlichterfelde	Großlichterfelde	1895
5068	Strassburger, ... (Lehrer) an Neumann, Salomon: Buchau am Federsee, 25.09.1887	Neumann, Salomon	Strassburger, ... (Lehrer)	Buchau am Federsee	Buchau am Federsee	 25.09.1887
5069	Strassburger, ... (Lehrer) an Neumann, Salomon: Buchau a. F., 08.02.1888	Neumann, Salomon	Strassburger, ... (Lehrer)	Buchau a. F.	Buchau a. F.	 08.02.1888
5070	Strassburger, ... (Lehrer) an Neumann, Salomon: Buchau am Federsee, 19.01.1888	Neumann, Salomon	Strassburger, ... (Lehrer)	Buchau am Federsee	Buchau am Federsee	 19.01.1888
5071	Strassburger, ... (Lehrer) an Kuratorium der Zunz-Stiftung: Buchau am Federsee, 05.10.1887	Kuratorium der Zunz-Stiftung	Strassburger, ... (Lehrer)	Buchau am Federsee	Buchau am Federsee	 05.10.1887
5072	Strauss, Hermann L. an Neumann, Salomon / Dalman, Gustaf: Groß-Lichterfelde bei Berlin, 29.11.1892	Neumann, Salomon / Dalman, Gustaf	Strauss, Hermann L.	Groß-Lichterfelde bei Berlin	Groß-Lichterfelde bei Berlin	 29.11.1892
5117	Sussnitzki, Alphons J.. Der Hilfsverein der deutschen Juden und seine Kulturarbeit in der Türkei: o.O., o.D.			 o.O.	 o.O.	 o.D.
5150	Theodor, Julius an Kuratorium der Zunz-Stiftung: Berent, 01.08.1886	Kuratorium der Zunz-Stiftung	Theodor, Julius	Berent	Berent	 01.08.1886
5151	Theodor, Julius an Neumann, Salomon: Berent, 08.07.1887	Neumann, Salomon	Theodor, Julius	Berent	Berent	 08.07.1887
5152	Theodor, Julius an Neumann, Salomon: Grünberg, 26.07.1887	Neumann, Salomon	Theodor, Julius	Grünberg	Grünberg	 26.07.1887
5174	"Theodor, Julius. Das Zunz´sche Buch über die ""gottesdienstliche Vorträge"" und der heutige Stand der Midraschforschung: o.O., o.D."			o.O.	o.O.	 o.D.
5185	Tukkmann, ... an Neumann, Salomon: Hildesheim, 18.04.0889	Neumann, Salomon	Tukkmann, ...	Hildesheim	Hildesheim	 18.04.0889
5187	Tänzer, Aron an Sussnitzki, Alphons J.: Göppingen, 26.02.1915	Sussnitzki, Alphons J.	Tänzer, Aron	Göppingen	Göppingen	 26.02.1915
5189	Tänzer, Aron an Kuratorium der Zunz-Stiftung: Göppingen, 25.02.1915	Kuratorium der Zunz-Stiftung	Tänzer, Aron	Göppingen	Göppingen	 25.02.1915
5191	Tänzer, Aron an Kuratorium der Zunz-Stiftung: Göppingen, 21.04.1915	Kuratorium der Zunz-Stiftung	Tänzer, Aron	Göppingen	Göppingen	 21.04.1915
5193	Tänzer, Aron an Wassermann, Oskar: Göppingen, 04.07.1924	Wassermann, Oskar	Tänzer, Aron	Göppingen	Göppingen	 04.07.1924
5200	Unbekannt an Kuratorium der Zunz-Stiftung: o.O., o.D.	Kuratorium der Zunz-Stiftung	Unbekannt	o.O.	o.O.	 o.D.
5203	Unbekannt an Lazarus, Moritz: o.O., 30.11.1891	Lazarus, Moritz	Unbekannt	o.O.	o.O.	 30.11.1891
5209	Unbekannt an Zunz, Leopold: o.O., 1874	Zunz, Leopold	Unbekannt	o.O.	o.O.	1874
5210	Unbekannt an Zunz, Leopold: o.O., 1874	Zunz, Leopold	Unbekannt	o.O.	o.O.	1874
5211	Unbekannt an Zunz, Leopold: o.O., 1874	Zunz, Leopold	Unbekannt	o.O.	o.O.	1874
5214	Unbekannt an Liebermann, Felix: o.O., 20.12.1913	Liebermann, Felix	Unbekannt	o.O.	o.O.	 20.12.1913
5215	Unbekannt an mein lieber Freund: o.O., 18.08.1864	mein lieber Freund	Unbekannt	o.O.	o.O.	 18.08.1864
5216	Unbekannt an Liebermann, Felix: o.O., o.D.	Liebermann, Felix	Unbekannt	o.O.	o.O.	 o.D.
5217	Unbekannt an Liebermann, Felix: o.O., o.D.	Liebermann, Felix	Unbekannt	o.O.	o.O.	 o.D.
5218	Unbekannt an Maybaum, Siegmund / Wissenschaftlicher Beirat der Zunz-Stiftung: o.O., o.D.	Maybaum, Siegmund / Wissenschaftlicher Beirat der Zunz-Stiftung	Unbekannt	o.O.	o.O.	 o.D.
5219	Unbekannt / Zunz, Leopold. Aus dem Zunz-Archiv: o.O., 28.07.1916			o.O.	o.O.	 28.07.1916
5220	Unbekannt. Das alexandrische Judenthum in den letzten vorchristlichen Jahrhunderten: o.O., o.D.			o.O.	o.O.	 o.D.
5223	Unbekannt / Zunz, Leopold. Für die am 10. August 1874 Jubilar Feier sind eingegangen (Summen): o.O., o.D.			o.O.	o.O.	 o.D.
5224	"Unbekannt. Gehört die Thoravorlesung zum ""Gottesdienst""?: o.O., 11.11.1886"			o.O.	o.O.	 11.11.1886
5225	Unbekannt / Zunz, Leopold. Grüße zum Jubiläum von Leopold Zunz: o.O., 1874			o.O.	o.O.	1874
5226	Unbekannt / Zunz, Leopold. Herrn Dr. L. Zunz zu seinem siebzigsten Geburtstag, Adresse: o.O., o.D.			o.O.	o.O.	 o.D.
5227	Unbekannt / Neumann, Salomon. Herrn S.R. Dr. Neumann: o.O., o.D.			o.O.	o.O.	 o.D.
5228	Unbekannt / Geiger, Abraham / Zunz, Leopold. In Geigers jüd. Zeitschrift: o.O., o.D.			o.O.	o.O.	 o.D.
5229	Unbekannt / Zunz, Leopold. Inhaltsangaben I Band Allgemeines. I. Abteilung jüd. Wissenschaft: o.O., o.D.			o.O.	o.O.	 o.D.
5230	Unbekannt / Zunz, Leopold. Inhaltsangaben II Band Specialia, I Abteilung jüdische Zeitfragen: o.O., o.D.			o.O.	o.O.	 o.D.
5231	Unbekannt / Zunz, Leopold. Inhaltsangaben II Band Specialia. II Abteilung jüd. Wissenschaft: o.O., o.D.			o.O.	o.O.	 o.D.
5232	"Unbekannt / Zunz, Leopold. Inhaltsangaben des 1. Bandes der ""Gesammelten Schriften"": o.O., o.D."			o.O.	o.O.	 o.D.
5233	Unbekannt / Zunz, Leopold. Inserat: o.O., 18.12.1874			o.O.	o.O.	 18.12.1874
5234	Unbekannt / Zunz, Leopold. Liste von Leopold Zunz Briefen und Handschriften: o.O., o.D.			o.O.	o.O.	 o.D.
5235	Unbekannt / Kuratorium der Zunz-Stiftung. Namenliste: o.O., o.D.			o.O.	o.O.	 o.D.
5237	Unbekannt / Zunz, Leopold. Notiz zu Schriften von Leopold Zunz: o.O., o.D.			o.O.	o.O.	 o.D.
5238	Unbekannt / Zunz, Leopold. Notizen zum Band II: o.O., 15.09.1875			o.O.	o.O.	 15.09.1875
5239	Unbekannt / Zunz, Leopold. Notizen zum Band II, Specialia: o.O., August 1875			o.O.	o.O.	 August 1875
5240	Unbekannt / Zunz, Leopold. Notizen zur Werkausgabe von Leopold Zunz Schriften 1874: o.O., o.D.			o.O.	o.O.	 o.D.
5244	Unbekannt / Zunz, Leopold. Über Leopold Zunz, zum siebzigsten Geburtstag: o.O., o.D.			o.O.	o.O.	 o.D.
5245	Unbekannt (Kantor der isr. Gemeine Obernbreit) an Neumann, Salomon: Obernbreit, 10.05.1886	Neumann, Salomon	Unbekannt (Kantor der isr. Gemeine Obernbreit)	Obernbreit	Obernbreit	 10.05.1886
5278	Wassermann, Oskar an Liebermann, Felix: o.O., 31.10.1911	Liebermann, Felix	Wassermann, Oskar	o.O.	o.O.	 31.10.1911
5300	Weinberg, Magnus an Kuratorium der Zunz-Stiftung: Sulzbuerg, 20.07.1896	Kuratorium der Zunz-Stiftung	Weinberg, Magnus	Sulzbuerg	Sulzbuerg	 20.07.1896
5301	Weinsberg, Leopold an Kuratorium der Zunz-Stiftung: Biala, 13.09.1889	Kuratorium der Zunz-Stiftung	Weinsberg, Leopold	Biala	Biala	 13.09.1889
5302	Weinsberg, Leopold an Kuratorium der Zunz-Stiftung: Biala, 18.09.1889	Kuratorium der Zunz-Stiftung	Weinsberg, Leopold	Biala	Biala	 18.09.1889
5329	Weltsman, S. an Kuratorium der Zunz-Stiftung: Skalmierzyce, 29.01.1913	Kuratorium der Zunz-Stiftung	Weltsman, S.	Skalmierzyce	Skalmierzyce	 29.01.1913
5353	Winter, S . an Grünwald, Moritz: o.O., o.D.	Grünwald, Moritz	Winter, S .	o.O.	o.O.	 o.D.
5360	Wolff, A. an Kuratorium der Zunz-Stiftung: Fürth, 12.07.1897	Kuratorium der Zunz-Stiftung	Wolff, A.	Fürth	Fürth	 12.07.1897
5361	Wolff, A. an Liebermann, Felix: Fürth, 10.08.1897	Liebermann, Felix	Wolff, A.	Fürth	Fürth	 10.08.1897
5377	Wolff, Lion. Handbuch für alle Kasualien - Reklame: o.O., o.D.			o.O.	o.O.	 o.D.
5386	Wünsche, August an Neumann, Salomon: o.O., 01.01.1888	Neumann, Salomon	Wünsche, August	o.O.	o.O.	 01.01.1888
5416	"Zunz, Leopold / Comité für die Zunz-Stiftung. ""Hochgeehrter Herr"", Leopold Zunz zum siebzigsten Geburtstag, Adresse: o.O., o.D."			 o.O.	 o.O.	 o.D.
5423	Zunz, Leopold. Allgemeine Bibliographie, Kartei: o.O., o.D.			 o.O.	 o.O.	 o.D.
5430	"Zunz, Leopold / Gestetner, Adolf. Artikel über dem Index von Adolf Gestetener zu Leopold Zunz' ""Literaturgeschichte der synagogalen Poesie"": Frankfurt am Main, 01.09.1889"			 Fr	 Fr	
5431	Zunz, Leopold. Ausgeschieden in Übereinstimmung mit Zunz, Kartei: o.O., o.D.			 o.O.	 o.O.	 o.D.
5432	Zunz, Leopold. Band II, Specialia, Inhaltsverzeichnis: o.O., o.D.			o.O.	o.O.	 o.D.
5434	Zunz, Leopold / Kuratorium der Zunz-Stiftung / M. u. H. Marcus. Briefumschlag: o.O., o.D.			 o.O.	 o.O.	 o.D.
5439	"Zunz, Leopold / Gestetner, Adolf. Ein Zeitungsartikel über von Adolf Gestetner geschriebenen ""Mafteach ha-Pijutim. : Index zu Dr. Zunz' Literaturgeschichte der synagogalen Poesie"", Hrsg. [...]: o.O., 1889"			" Index zu Dr. Zunz' Literaturgeschichte der synagogalen Poesie"""	" Index zu Dr. Zunz' Literaturgeschichte der synagogalen Poesie"""	 Hrsg. [...]
5440	Zunz, Leopold / Zunz, Leopold. Ein gedrucktes Blatt aus einem Buch von Leopold Zunz: o.O., o.D.			 o.O.	 o.O.	 o.D.
5443	Zunz, Leopold / Frankfurter Zeitung <Frankfurt/Main>. Feuilleton: Aus Kunst und Leben : Zeitungsartikel zum 90. Geburtstag von Leopold Zunz: Frankfurt am Main, 11.08.1884			Aus Kunst und Leben : Zeitungsartikel zum 90. Geburtstag von Leopold Zunz: Frankfurt am Main	Aus Kunst und Leben : Zeitungsartikel zum 90. Geburtstag von Leopold Zunz: Frankfurt am Main	 11.08.1884
5446	Zunz, Leopold. Größere Werke ausgeschieden, Kartei von Werken von Leopold Zunz: o.O., o.D.			 o.O.	 o.O.	 o.D.
5447	Zunz, Leopold. I Bd., I Abteilung, Schriften-Kartei: o.O., o.D.			 o.O.	 o.O.	 o.D.
5448	Zunz, Leopold. I Bd., II Abteilung, Schriften-Kartei: o.O., o.D.			 o.O.	 o.O.	 o.D.
5449	Zunz, Leopold. II Bd., I Abteilung, jüdische Zeitfragen, jüdische Wissenschaft, Spezialia, Kartei: o.O., o.D.			 o.O.	 o.O.	 o.D.
5456	Zunz, Leopold. Literary gossip: o.O., 26.04.1884			 o.O.	 o.O.	 26.04.1884
5457	Zunz, Leopold. Lose Karten mit Werken und Schriften von Leopold Zunz: o.O., o.D.			 o.O.	 o.O.	 o.D.
5459	Zunz, Leopold / Gestetner, Adolf. Notiz zur Veröffentlichung von dem Index zu Leopold Zunz' Literaturgeschichte der synagogalen Poesie von Adolf Gestetner: o.O., o.D.			 o.O.	 o.O.	 o.D.
5478	Zunz, Leopold. Sammlung der kleinen Schriften von Dr. Zunz, vorläufige Aufstellung: o.O., o.D.			 o.O.	 o.O.	 o.D.
5488	Zunz, Leopold / Kuratorium der Zunz-Stiftung / J. Kauffmann <Frankfurt, Main> / Kuratorium der Zunz-Stiftung / J. Kauffmann <Frankfurt, Main>. Verlagsvertrag zwischen dem Kuratorium der Zunz-Stiftung und J. Kauffmann Verlagsbuchhandlung: Berlin;Frankfurt am Main, März 1914			Berlin;Frankfurt am Main	Berlin;Frankfurt am Main	 März 1914
5489	Zunz, Leopold / Kuratorium der Zunz-Stiftung / J. Kauffmann <Frankfurt, Main> / Kuratorium der Zunz-Stiftung / J. Kauffmann <Frankfurt, Main>. Verlagsvertrag zwischen dem Kuratorium der Zunz-Stiftung und J. Kauffmann Verlagsbuchhandlung: Berlin;Frankfurt am Main, Januar 1914			Berlin;Frankfurt am Main	Berlin;Frankfurt am Main	 Januar 1914
5490	Zunz, Leopold / Kuratorium der Zunz-Stiftung / J. Kauffmann <Frankfurt, Main> / Kuratorium der Zunz-Stiftung / J. Kauffmann <Frankfurt, Main>. Verlagsvertrag zwischen dem Kuratorium der Zunz-Stiftung und J. Kauffmann Verlagsbuchhandlung: Berlin;Frankfurt am Main, März 1914			Berlin;Frankfurt am Main	Berlin;Frankfurt am Main	 März 1914
5503	"Zunz, Leopold / J. Kauffmann <Frankfurt, Main>. Zeitungsartikel über eine neue Ausgabe des Leopold Zunzes ""Gottesdienstliche Vorträge"": o.O., o.D."			o.O.	o.O.	 o.D.
5508	Zunz, Leopold. Zunz Seitenzahlen: o.O., o.D.			 o.O.	 o.O.	 o.D.
5518	L. Schwager & D. Fränkel an Zunz-Stiftung <Berlin>: Husjatyn, 08.10.1912	Zunz-Stiftung <Berlin>	L. Schwager & D. Fränkel	Husjatyn	Husjatyn	 08.10.1912
5548	Kuratorium der Zunz-Stiftung an Wissenschaftlicher Beirat der Zunz-Stiftung: / Beirat der Zunz-Stiftung: Berlin, 06.10.1892	Wissenschaftlicher Beirat der Zunz-Stiftung	Kuratorium der Zunz-Stiftung	/ Beirat der Zunz-Stiftung: Berlin	/ Beirat der Zunz-Stiftung: Berlin	 06.10.1892
5549	Kuratorium der Zunz-Stiftung an Wissenschaftlicher Beirat der Zunz-Stiftung: / Beirat der Zunz-Stiftung: Berlin, 21.09.1894	Wissenschaftlicher Beirat der Zunz-Stiftung	Kuratorium der Zunz-Stiftung	/ Beirat der Zunz-Stiftung: Berlin	/ Beirat der Zunz-Stiftung: Berlin	 21.09.1894
5550	Kuratorium der Zunz-Stiftung an Wissenschaftlicher Beirat der Zunz-Stiftung: / Beirat der Zunz-Stiftung: Berlin, 20.08.1895	Wissenschaftlicher Beirat der Zunz-Stiftung	Kuratorium der Zunz-Stiftung	/ Beirat der Zunz-Stiftung: Berlin	/ Beirat der Zunz-Stiftung: Berlin	 20.08.1895
5551	Kuratorium der Zunz-Stiftung an Wissenschaftlicher Beirat der Zunz-Stiftung: / Beirat der Zunz-Stiftung: Berlin, 07.08.1896	Wissenschaftlicher Beirat der Zunz-Stiftung	Kuratorium der Zunz-Stiftung	/ Beirat der Zunz-Stiftung: Berlin	/ Beirat der Zunz-Stiftung: Berlin	 07.08.1896
5552	Kuratorium der Zunz-Stiftung an Wissenschaftlicher Beirat der Zunz-Stiftung: / Beirat der Zunz-Stiftung: Berlin, 02.08.1901	Wissenschaftlicher Beirat der Zunz-Stiftung	Kuratorium der Zunz-Stiftung	/ Beirat der Zunz-Stiftung: Berlin	/ Beirat der Zunz-Stiftung: Berlin	 02.08.1901
5556	Kuratorium der Zunz-Stiftung an Wissenschaftlicher Beirat der Zunz-Stiftung: / Beirat der Zunz-Stiftung: Berlin, 06.12.1891	Wissenschaftlicher Beirat der Zunz-Stiftung	Kuratorium der Zunz-Stiftung	/ Beirat der Zunz-Stiftung: Berlin	/ Beirat der Zunz-Stiftung: Berlin	 06.12.1891
5558	Kuratorium der Zunz-Stiftung an Wissenschaftlicher Beirat der Zunz-Stiftung: / Beirat der Zunz-Stiftung: Berlin, 25.12.1905	Wissenschaftlicher Beirat der Zunz-Stiftung	Kuratorium der Zunz-Stiftung	/ Beirat der Zunz-Stiftung: Berlin	/ Beirat der Zunz-Stiftung: Berlin	 25.12.1905
5559	Kuratorium der Zunz-Stiftung an Wissenschaftlicher Beirat der Zunz-Stiftung: / Beirat der Zunz-Stiftung: Berlin, 22.05.1906	Wissenschaftlicher Beirat der Zunz-Stiftung	Kuratorium der Zunz-Stiftung	/ Beirat der Zunz-Stiftung: Berlin	/ Beirat der Zunz-Stiftung: Berlin	 22.05.1906
5560	Kuratorium der Zunz-Stiftung an Wissenschaftlicher Beirat der Zunz-Stiftung: / Beirat der Zunz-Stiftung: Berlin, 12.05.1909	Wissenschaftlicher Beirat der Zunz-Stiftung	Kuratorium der Zunz-Stiftung	/ Beirat der Zunz-Stiftung: Berlin	/ Beirat der Zunz-Stiftung: Berlin	 12.05.1909
5561	Hochschule für die Wissenschaft des Judentums <Berlin> an Kuratorium der Zunz-Stiftung: / Lehranstalt für die Wissenschaft des Judenthums: Berlin, 12.11.1909	Kuratorium der Zunz-Stiftung	Hochschule für die Wissenschaft des Judentums <Berlin>	/ Lehranstalt für die Wissenschaft des Judenthums: Berlin	/ Lehranstalt für die Wissenschaft des Judenthums: Berlin	 12.11.1909
5562	Jüdisch-Theologisches Seminar Fraenckel'scher Stiftung <Breslau> / Bibliothek an Kuratorium der Zunz-Stiftung: / Bibliothek des jüdisch-theologischen Seminars: Breslau, 24.02.1910	Kuratorium der Zunz-Stiftung	Jüdisch-Theologisches Seminar Fraenckel'scher Stiftung <Breslau> / Bibliothek	/ Bibliothek des jüdisch-theologischen Seminars: Breslau	/ Bibliothek des jüdisch-theologischen Seminars: Breslau	 24.02.1910
5563	Kuratorium der Zunz-Stiftung an Wissenschaftlicher Beirat der Zunz-Stiftung: / Beirat der Zunzstiftung: Berlin, 10.04.1910	Wissenschaftlicher Beirat der Zunz-Stiftung	Kuratorium der Zunz-Stiftung	/ Beirat der Zunzstiftung: Berlin	/ Beirat der Zunzstiftung: Berlin	 10.04.1910
5564	Jüdische Gemeinde <Berlin> / Vorstand an Kuratorium der Zunz-Stiftung: / Vorstand der Jüdischen Gemeinde zu Berlin: Berlin, 17.07.1911	Kuratorium der Zunz-Stiftung	Jüdische Gemeinde <Berlin> / Vorstand	/ Vorstand der Jüdischen Gemeinde zu Berlin: Berlin	/ Vorstand der Jüdischen Gemeinde zu Berlin: Berlin	 17.07.1911
5565	Königliches Polizei-Präsidium, 1. Abteilung an Kuratorium der Zunz-Stiftung: / Der Polizei-Präsident, Abteilung I: Berlin, 10.10.1908	Kuratorium der Zunz-Stiftung	Königliches Polizei-Präsidium, 1. Abteilung	/ Der Polizei-Präsident	/ Der Polizei-Präsident	 Abteilung I: Berlin, 10.10.1908
5597	Kuratorium der Zunz-Stiftung. Abgesendet - Familienliste: o.O., o.D.			 o.O.	 o.O.	 o.D.
5601	Zunz-Stiftung <Berlin>. Abrechnung für die Zunz-Stiftung: o.O., o.D.			 o.O.	 o.O.	 o.D.
5602	Zunz-Stiftung <Berlin>. Abrechnung für die Zunz-Stiftung und für den Bibliothekfond: o.O., o.D.			 o.O.	 o.O.	 o.D.
5604	Zunz-Stiftung <Berlin>. Abrechnung, Notiz: o.O., o.D.			 o.O.	 o.O.	 o.D.
5606	Kuratorium der Zunz-Stiftung. Adressliste: o.O., o.D.			 o.O.	 o.O.	 o.D.
5608	Kuratorium der Zunz-Stiftung. Am 26.1.1890 fanden sich bei der Sitzung des Kuratoriums der Zunz-Stiftung folgende Effekten vor : Liste: Berlin, 26.01.1890			Liste: Berlin	Liste: Berlin	 26.01.1890
5618	Zunz-Stiftung <Berlin>. Beitrag-Liste: o.O., o.D.			 o.O.	 o.O.	 o.D.
5619	Zunz-Stiftung <Berlin>. Beitrag-Liste: o.O., o.D.			 o.O.	 o.O.	 o.D.
5620	Zunz-Stiftung <Berlin>. Beitrag-Liste: o.O., o.D.			 o.O.	 o.O.	 o.D.
5621	Zunz-Stiftung <Berlin>. Beitrag-Liste: o.O., o.D.			 o.O.	 o.O.	 o.D.
5622	Zunz-Stiftung <Berlin>. Beitrag-Liste: o.O., o.D.			 o.O.	 o.O.	 o.D.
5623	Kuratorium der Zunz-Stiftung. Bekanntmachung pro 1887 ist an 19.6.1887 und 30.6. versenden - Adressanten-Liste: o.O., 1887	19.6.1887 und 30.6. versenden - Adressanten-Liste	Kuratorium der Zunz-Stiftung. Bekanntmachung pro 1887 ist	o.O.	o.O.	1887
5680	"Hebraeische Bibliographie : Blätter für neue und ältere Literatur des Judenthums / Zunz-Stiftung <Berlin>. Ein Artikel ""Zunz-Stiftung für die Wissenschaft des Judentums"" in ""Hebräische Bibliographie : Blätter für neuere und ältere Literatur des Judenthums"", [...]: Berlin, Juli-August 1864"			" Blätter für neue und ältere Literatur des Judenthums / Zunz-Stiftung <Berlin>. Ein Artikel ""Zunz-Stiftung für die Wissenschaft des Judentums"" in ""Hebräische Bibliographie "	" Blätter für neue und ältere Literatur des Judenthums / Zunz-Stiftung <Berlin>. Ein Artikel ""Zunz-Stiftung für die Wissenschaft des Judentums"" in ""Hebräische Bibliographie "	
5685	Kuratorium der Zunz-Stiftung / Zunz-Stiftung <Berlin>. Eingegangene Anmeldungen 1887: o.O., 1887			o.O.	o.O.	1887
5701	Kuratorium der Zunz-Stiftung / Kuratorium der Zunz-Stiftung. Gedruckte Veröffentlichung der Preisfragen: Frankfurt am Main, 18.04.1897			 Fr	 Fr	
5703	Kuratorium der Zunz-Stiftung. Gedruckte Veröffentlichung der Preisfragen : Zeitungen-Liste: o.O., o.D.			 Zeitungen-Liste	 Zeitungen-Liste	
5756	Kuratorium der Zunz-Stiftung. Liste von Adressanten: o.O., o.D.			o.O.	o.O.	 o.D.
5758	"Jeschurun / Kuratorium der Zunz-Stiftung / Zunz-Stiftung <Berlin>. Muster für das im ""Jeschurun"" aufzunehmende Inserat (Anzeige für Unterstützung von wissenschaftlichen Arbeiten im Gebiet Wissenschaft des Judentums, das [...]: Frankfurt am Main, Mai 1901"			 Fr	 Fr	
5772	Zunz-Stiftung <Berlin>. Privat Beitrag-Liste zur Zunz-Stiftung: o.O., o.D.			 o.O.	 o.O.	 o.D.
5773	Zunz-Stiftung <Berlin>. Protokoll: o.O., o.D.			 o.O.	 o.O.	 o.D.
5858	J. Kauffmann <Frankfurt, Main> / Kuratorium der Zunz-Stiftung / Kuratorium der Zunz-Stiftung / J. Kauffmann <Frankfurt, Main>. Verlags-Vertrag: Berlin;Frankfurt am Main, 23.07.1890			Berlin;Frankfurt am Main	Berlin;Frankfurt am Main	 23.07.1890
5859	Kuratorium der Zunz-Stiftung / J. Kauffmann <Frankfurt, Main> / Kuratorium der Zunz-Stiftung / J. Kauffmann <Frankfurt, Main>. Verlagsvertrag (Entwurf): o.O., o.D.			o.O.	o.O.	 o.D.
5862	Kuratorium der Zunz-Stiftung / Zunz-Stiftung <Berlin>. Versendung der gedruckten Zunzstiftung expll. 2, dgl. Bekanntmachung der Curatorium betreffend die Meldungen...Verwendung der Mittel pro 1886: o.O., 1886			o.O.	o.O.	1886
5869	Zunz-Stiftung <Berlin> / Kuratorium der Zunz-Stiftung / Zunz-Stiftung <Berlin>. Verzeichnis der von der Zunz-Stiftung herausgegebenen (a) und subventionierten Druckwerke: o.O., o.D.			 o.O.	 o.O.	 o.D.
5889	Zunz-Stiftung <Berlin>. Zur Aufforderung: o.O., 21.04.1884			 o.O.	 o.O.	 21.04.1884
5892	Zunz-Stiftung <Berlin>. eine Bücherliste von verschiedenen Autoren: o.O., o.D.			 o.O.	 o.O.	 o.D.
